/*
 Navicat Premium Data Transfer

 Source Server         : pu
 Source Server Type    : MySQL
 Source Server Version : 80015
 Source Host           : localhost:3306
 Source Schema         : wbar

 Target Server Type    : MySQL
 Target Server Version : 80015
 File Encoding         : 65001

 Date: 15/06/2019 09:57:35
*/

SET NAMES utf8mb4;
SET FOREIGN_KEY_CHECKS = 0;

-- ----------------------------
-- Table structure for t_car
-- ----------------------------
DROP TABLE IF EXISTS `t_car`;
CREATE TABLE `t_car` (
  `carId` int(11) NOT NULL AUTO_INCREMENT,
  `carName` varchar(255) CHARACTER SET utf8 COLLATE utf8_general_ci NOT NULL,
  `cTypeId` int(11) DEFAULT NULL,
  `brandId` int(11) DEFAULT NULL,
  `plate` varchar(255) CHARACTER SET utf8 COLLATE utf8_general_ci DEFAULT NULL,
  `pictures` varchar(255) CHARACTER SET utf8 COLLATE utf8_general_ci DEFAULT NULL,
  `price` decimal(10,2) DEFAULT NULL,
  `isOnline` int(11) DEFAULT NULL,
  `isDeleted` int(11) DEFAULT NULL,
  `files` varchar(255) CHARACTER SET utf8 COLLATE utf8_general_ci DEFAULT NULL,
  `lId` int(11) DEFAULT NULL,
  PRIMARY KEY (`carId`) USING BTREE,
  KEY `FK_brandId` (`brandId`) USING BTREE,
  KEY `FK_cTypeId` (`cTypeId`) USING BTREE,
  KEY `FK_lId` (`lId`),
  CONSTRAINT `FK_brandId` FOREIGN KEY (`brandId`) REFERENCES `t_carbrand` (`brandId`) ON DELETE CASCADE ON UPDATE CASCADE,
  CONSTRAINT `FK_cTypeId` FOREIGN KEY (`cTypeId`) REFERENCES `t_cartype` (`cTypeId`) ON DELETE CASCADE ON UPDATE CASCADE,
  CONSTRAINT `FK_lId` FOREIGN KEY (`lId`) REFERENCES `t_location` (`lId`) ON DELETE RESTRICT ON UPDATE CASCADE
) ENGINE=InnoDB AUTO_INCREMENT=2318 DEFAULT CHARSET=utf8 ROW_FORMAT=COMPACT;

-- ----------------------------
-- Records of t_car
-- ----------------------------
BEGIN;
INSERT INTO `t_car` VALUES (1, '奥迪A3', NULL, 33, NULL, NULL, NULL, NULL, NULL, NULL, NULL);
INSERT INTO `t_car` VALUES (2, '奥迪A4L', NULL, 33, NULL, NULL, NULL, NULL, NULL, NULL, NULL);
INSERT INTO `t_car` VALUES (3, '奥迪A6L', NULL, 33, NULL, NULL, NULL, NULL, NULL, NULL, NULL);
INSERT INTO `t_car` VALUES (4, '奥迪Q3', NULL, 33, NULL, NULL, NULL, NULL, NULL, NULL, NULL);
INSERT INTO `t_car` VALUES (5, '奥迪Q5', NULL, 33, NULL, NULL, NULL, NULL, NULL, NULL, NULL);
INSERT INTO `t_car` VALUES (6, '奥迪A4', NULL, 33, NULL, NULL, NULL, NULL, NULL, NULL, NULL);
INSERT INTO `t_car` VALUES (7, '奥迪A6', 3, 33, '2019', NULL, 805.00, 1, 0, 'true', 1);
INSERT INTO `t_car` VALUES (8, '奥迪A1', NULL, 33, NULL, NULL, NULL, NULL, NULL, NULL, NULL);
INSERT INTO `t_car` VALUES (9, '奥迪A3(进口)', NULL, 33, NULL, NULL, NULL, NULL, NULL, NULL, NULL);
INSERT INTO `t_car` VALUES (10, '奥迪A3(进口)新能源', NULL, 33, NULL, NULL, NULL, NULL, NULL, NULL, NULL);
INSERT INTO `t_car` VALUES (11, '奥迪S3', NULL, 33, NULL, NULL, NULL, NULL, NULL, NULL, NULL);
INSERT INTO `t_car` VALUES (12, '奥迪A4(进口)', NULL, 33, NULL, NULL, NULL, NULL, NULL, NULL, NULL);
INSERT INTO `t_car` VALUES (13, '奥迪A5', NULL, 33, NULL, NULL, NULL, NULL, NULL, NULL, NULL);
INSERT INTO `t_car` VALUES (14, '奥迪S5', NULL, 33, NULL, NULL, NULL, NULL, NULL, NULL, NULL);
INSERT INTO `t_car` VALUES (15, '奥迪A6(进口)', NULL, 33, NULL, NULL, NULL, NULL, NULL, NULL, NULL);
INSERT INTO `t_car` VALUES (16, '奥迪S6', NULL, 33, NULL, NULL, NULL, NULL, NULL, NULL, NULL);
INSERT INTO `t_car` VALUES (17, '奥迪A7', NULL, 33, NULL, NULL, NULL, NULL, NULL, NULL, NULL);
INSERT INTO `t_car` VALUES (18, '奥迪S7', NULL, 33, NULL, NULL, NULL, NULL, NULL, NULL, NULL);
INSERT INTO `t_car` VALUES (19, '奥迪A8', NULL, 33, NULL, NULL, NULL, NULL, NULL, NULL, NULL);
INSERT INTO `t_car` VALUES (20, '奥迪S8', NULL, 33, NULL, NULL, NULL, NULL, NULL, NULL, NULL);
INSERT INTO `t_car` VALUES (21, '奥迪Q5(进口)', NULL, 33, NULL, NULL, NULL, NULL, NULL, NULL, NULL);
INSERT INTO `t_car` VALUES (22, '奥迪SQ5', NULL, 33, NULL, NULL, NULL, NULL, NULL, NULL, NULL);
INSERT INTO `t_car` VALUES (23, '奥迪Q7', NULL, 33, NULL, NULL, NULL, NULL, NULL, NULL, NULL);
INSERT INTO `t_car` VALUES (24, '奥迪TT', NULL, 33, NULL, NULL, NULL, NULL, NULL, NULL, NULL);
INSERT INTO `t_car` VALUES (25, '奥迪TTS', NULL, 33, NULL, NULL, NULL, NULL, NULL, NULL, NULL);
INSERT INTO `t_car` VALUES (26, '奥迪R8', NULL, 33, NULL, NULL, NULL, NULL, NULL, NULL, NULL);
INSERT INTO `t_car` VALUES (27, '奥迪A2', NULL, 33, NULL, NULL, NULL, NULL, NULL, NULL, NULL);
INSERT INTO `t_car` VALUES (28, '奥迪S1', NULL, 33, NULL, NULL, NULL, NULL, NULL, NULL, NULL);
INSERT INTO `t_car` VALUES (29, '奥迪e-tron', NULL, 33, NULL, NULL, NULL, NULL, NULL, NULL, NULL);
INSERT INTO `t_car` VALUES (30, '奥迪S4', NULL, 33, NULL, NULL, NULL, NULL, NULL, NULL, NULL);
INSERT INTO `t_car` VALUES (31, 'Prologue', NULL, 33, NULL, NULL, NULL, NULL, NULL, NULL, NULL);
INSERT INTO `t_car` VALUES (32, 'allroad', NULL, 33, NULL, NULL, NULL, NULL, NULL, NULL, NULL);
INSERT INTO `t_car` VALUES (33, 'Crosslane Coupe', NULL, 33, NULL, NULL, NULL, NULL, NULL, NULL, NULL);
INSERT INTO `t_car` VALUES (34, '奥迪Q2', NULL, 33, NULL, NULL, NULL, NULL, NULL, NULL, NULL);
INSERT INTO `t_car` VALUES (35, '奥迪Q3(进口)', NULL, 33, NULL, NULL, NULL, NULL, NULL, NULL, NULL);
INSERT INTO `t_car` VALUES (36, '奥迪TT offroad', NULL, 33, NULL, NULL, NULL, NULL, NULL, NULL, NULL);
INSERT INTO `t_car` VALUES (37, 'e-tron quattro', NULL, 33, NULL, NULL, NULL, NULL, NULL, NULL, NULL);
INSERT INTO `t_car` VALUES (38, 'h-tron quattro', NULL, 33, NULL, NULL, NULL, NULL, NULL, NULL, NULL);
INSERT INTO `t_car` VALUES (39, '奥迪Q8', NULL, 33, NULL, NULL, NULL, NULL, NULL, NULL, NULL);
INSERT INTO `t_car` VALUES (40, '奥迪SQ7', NULL, 33, NULL, NULL, NULL, NULL, NULL, NULL, NULL);
INSERT INTO `t_car` VALUES (41, 'Nanuk', NULL, 33, NULL, NULL, NULL, NULL, NULL, NULL, NULL);
INSERT INTO `t_car` VALUES (42, 'quattro', NULL, 33, NULL, NULL, NULL, NULL, NULL, NULL, NULL);
INSERT INTO `t_car` VALUES (43, '奥迪R18', NULL, 33, NULL, NULL, NULL, NULL, NULL, NULL, NULL);
INSERT INTO `t_car` VALUES (44, '奥迪Urban', NULL, 33, NULL, NULL, NULL, NULL, NULL, NULL, NULL);
INSERT INTO `t_car` VALUES (45, '奥迪100', NULL, 33, NULL, NULL, NULL, NULL, NULL, NULL, NULL);
INSERT INTO `t_car` VALUES (46, '奥迪Cross', NULL, 33, NULL, NULL, NULL, NULL, NULL, NULL, NULL);
INSERT INTO `t_car` VALUES (47, '奥迪RS 6', NULL, 33, NULL, NULL, NULL, NULL, NULL, NULL, NULL);
INSERT INTO `t_car` VALUES (48, '奥迪RS 7', NULL, 33, NULL, NULL, NULL, NULL, NULL, NULL, NULL);
INSERT INTO `t_car` VALUES (49, '奥迪RS 3', NULL, 33, NULL, NULL, NULL, NULL, NULL, NULL, NULL);
INSERT INTO `t_car` VALUES (50, '奥迪RS 4', NULL, 33, NULL, NULL, NULL, NULL, NULL, NULL, NULL);
INSERT INTO `t_car` VALUES (51, '奥迪RS 5', NULL, 33, NULL, NULL, NULL, NULL, NULL, NULL, NULL);
INSERT INTO `t_car` VALUES (52, '奥迪RS Q3', NULL, 33, NULL, NULL, NULL, NULL, NULL, NULL, NULL);
INSERT INTO `t_car` VALUES (53, '奥迪TT RS', NULL, 33, NULL, NULL, NULL, NULL, NULL, NULL, NULL);
INSERT INTO `t_car` VALUES (54, 'Rapide', NULL, 35, NULL, NULL, NULL, NULL, NULL, NULL, NULL);
INSERT INTO `t_car` VALUES (55, '拉共达Taraf', NULL, 35, NULL, NULL, NULL, NULL, NULL, NULL, NULL);
INSERT INTO `t_car` VALUES (56, 'V8 Vantage', NULL, 35, NULL, NULL, NULL, NULL, NULL, NULL, NULL);
INSERT INTO `t_car` VALUES (57, 'V12 Vantage', NULL, 35, NULL, NULL, NULL, NULL, NULL, NULL, NULL);
INSERT INTO `t_car` VALUES (58, '阿斯顿·马丁DB9', NULL, 35, NULL, NULL, NULL, NULL, NULL, NULL, NULL);
INSERT INTO `t_car` VALUES (59, 'Vanquish', NULL, 35, NULL, NULL, NULL, NULL, NULL, NULL, NULL);
INSERT INTO `t_car` VALUES (60, '阿斯顿·马丁DB11', NULL, 35, NULL, NULL, NULL, NULL, NULL, NULL, NULL);
INSERT INTO `t_car` VALUES (61, 'Cygnet', NULL, 35, NULL, NULL, NULL, NULL, NULL, NULL, NULL);
INSERT INTO `t_car` VALUES (62, 'Valkyrie', NULL, 35, NULL, NULL, NULL, NULL, NULL, NULL, NULL);
INSERT INTO `t_car` VALUES (63, 'Virage', NULL, 35, NULL, NULL, NULL, NULL, NULL, NULL, NULL);
INSERT INTO `t_car` VALUES (64, 'Vulcan', NULL, 35, NULL, NULL, NULL, NULL, NULL, NULL, NULL);
INSERT INTO `t_car` VALUES (65, '阿斯顿·马丁DB10', NULL, 35, NULL, NULL, NULL, NULL, NULL, NULL, NULL);
INSERT INTO `t_car` VALUES (66, '阿斯顿·马丁DB5', NULL, 35, NULL, NULL, NULL, NULL, NULL, NULL, NULL);
INSERT INTO `t_car` VALUES (67, '阿斯顿·马丁DBX', NULL, 35, NULL, NULL, NULL, NULL, NULL, NULL, NULL);
INSERT INTO `t_car` VALUES (68, 'V12 Zagato', NULL, 35, NULL, NULL, NULL, NULL, NULL, NULL, NULL);
INSERT INTO `t_car` VALUES (69, '阿斯顿·马丁DBS', NULL, 35, NULL, NULL, NULL, NULL, NULL, NULL, NULL);
INSERT INTO `t_car` VALUES (70, '阿斯顿·马丁One-77', NULL, 35, NULL, NULL, NULL, NULL, NULL, NULL, NULL);
INSERT INTO `t_car` VALUES (71, 'AC Schnitzer X5', NULL, 117, NULL, NULL, NULL, NULL, NULL, NULL, NULL);
INSERT INTO `t_car` VALUES (72, 'AC Schnitzer 7系', NULL, 117, NULL, NULL, NULL, NULL, NULL, NULL, NULL);
INSERT INTO `t_car` VALUES (73, 'AC Schnitzer X6', NULL, 117, NULL, NULL, NULL, NULL, NULL, NULL, NULL);
INSERT INTO `t_car` VALUES (74, '宝斯通', NULL, 221, NULL, NULL, NULL, NULL, NULL, NULL, NULL);
INSERT INTO `t_car` VALUES (75, 'Giulia', NULL, 34, NULL, NULL, NULL, NULL, NULL, NULL, NULL);
INSERT INTO `t_car` VALUES (76, 'Stelvio', NULL, 34, NULL, NULL, NULL, NULL, NULL, NULL, NULL);
INSERT INTO `t_car` VALUES (77, 'MiTo', NULL, 34, NULL, NULL, NULL, NULL, NULL, NULL, NULL);
INSERT INTO `t_car` VALUES (78, 'Giulietta', NULL, 34, NULL, NULL, NULL, NULL, NULL, NULL, NULL);
INSERT INTO `t_car` VALUES (79, 'ALFA 4C', NULL, 34, NULL, NULL, NULL, NULL, NULL, NULL, NULL);
INSERT INTO `t_car` VALUES (80, 'Disco Volante', NULL, 34, NULL, NULL, NULL, NULL, NULL, NULL, NULL);
INSERT INTO `t_car` VALUES (81, 'Gloria', NULL, 34, NULL, NULL, NULL, NULL, NULL, NULL, NULL);
INSERT INTO `t_car` VALUES (82, 'ALFA 147', NULL, 34, NULL, NULL, NULL, NULL, NULL, NULL, NULL);
INSERT INTO `t_car` VALUES (83, 'ALFA 156', NULL, 34, NULL, NULL, NULL, NULL, NULL, NULL, NULL);
INSERT INTO `t_car` VALUES (84, 'ALFA 159', NULL, 34, NULL, NULL, NULL, NULL, NULL, NULL, NULL);
INSERT INTO `t_car` VALUES (85, 'ALFA 8C', NULL, 34, NULL, NULL, NULL, NULL, NULL, NULL, NULL);
INSERT INTO `t_car` VALUES (86, 'ALFA GT', NULL, 34, NULL, NULL, NULL, NULL, NULL, NULL, NULL);
INSERT INTO `t_car` VALUES (87, 'ALPINA B4', NULL, 276, NULL, NULL, NULL, NULL, NULL, NULL, NULL);
INSERT INTO `t_car` VALUES (88, 'Arash AF10', NULL, 251, NULL, NULL, NULL, NULL, NULL, NULL, NULL);
INSERT INTO `t_car` VALUES (89, 'ARCFOX-1', NULL, 272, NULL, NULL, NULL, NULL, NULL, NULL, NULL);
INSERT INTO `t_car` VALUES (90, 'ARCFOX-7', NULL, 272, NULL, NULL, NULL, NULL, NULL, NULL, NULL);
INSERT INTO `t_car` VALUES (91, '艾康尼克七系', NULL, 273, NULL, NULL, NULL, NULL, NULL, NULL, NULL);
INSERT INTO `t_car` VALUES (92, '奔驰C级', NULL, 36, NULL, NULL, NULL, NULL, NULL, NULL, NULL);
INSERT INTO `t_car` VALUES (93, '奔驰E级', NULL, 36, NULL, NULL, NULL, NULL, NULL, NULL, NULL);
INSERT INTO `t_car` VALUES (94, '奔驰GLA', NULL, 36, NULL, NULL, NULL, NULL, NULL, NULL, NULL);
INSERT INTO `t_car` VALUES (95, '奔驰GLC', NULL, 36, NULL, NULL, NULL, NULL, NULL, NULL, NULL);
INSERT INTO `t_car` VALUES (96, '奔驰GLK级', NULL, 36, NULL, NULL, NULL, NULL, NULL, NULL, NULL);
INSERT INTO `t_car` VALUES (97, '奔驰V级', NULL, 36, NULL, NULL, NULL, NULL, NULL, NULL, NULL);
INSERT INTO `t_car` VALUES (98, '威霆', NULL, 36, NULL, NULL, NULL, NULL, NULL, NULL, NULL);
INSERT INTO `t_car` VALUES (99, '凌特', NULL, 36, NULL, NULL, NULL, NULL, NULL, NULL, NULL);
INSERT INTO `t_car` VALUES (100, '唯雅诺', NULL, 36, NULL, NULL, NULL, NULL, NULL, NULL, NULL);
INSERT INTO `t_car` VALUES (101, '奔驰A级', NULL, 36, NULL, NULL, NULL, NULL, NULL, NULL, NULL);
INSERT INTO `t_car` VALUES (102, '奔驰B级', NULL, 36, NULL, NULL, NULL, NULL, NULL, NULL, NULL);
INSERT INTO `t_car` VALUES (103, '奔驰CLA级', NULL, 36, NULL, NULL, NULL, NULL, NULL, NULL, NULL);
INSERT INTO `t_car` VALUES (104, '奔驰C级(进口)', NULL, 36, NULL, NULL, NULL, NULL, NULL, NULL, NULL);
INSERT INTO `t_car` VALUES (105, '奔驰E级(进口)', NULL, 36, NULL, NULL, NULL, NULL, NULL, NULL, NULL);
INSERT INTO `t_car` VALUES (106, '奔驰CLS级', NULL, 36, NULL, NULL, NULL, NULL, NULL, NULL, NULL);
INSERT INTO `t_car` VALUES (107, '奔驰S级', NULL, 36, NULL, NULL, NULL, NULL, NULL, NULL, NULL);
INSERT INTO `t_car` VALUES (108, '奔驰S级新能源', NULL, 36, NULL, NULL, NULL, NULL, NULL, NULL, NULL);
INSERT INTO `t_car` VALUES (109, '奔驰GLC(进口)', NULL, 36, NULL, NULL, NULL, NULL, NULL, NULL, NULL);
INSERT INTO `t_car` VALUES (110, '奔驰GLE', NULL, 36, NULL, NULL, NULL, NULL, NULL, NULL, NULL);
INSERT INTO `t_car` VALUES (111, '奔驰G级', NULL, 36, NULL, NULL, NULL, NULL, NULL, NULL, NULL);
INSERT INTO `t_car` VALUES (112, '奔驰GLS', NULL, 36, NULL, NULL, NULL, NULL, NULL, NULL, NULL);
INSERT INTO `t_car` VALUES (113, '奔驰R级', NULL, 36, NULL, NULL, NULL, NULL, NULL, NULL, NULL);
INSERT INTO `t_car` VALUES (114, '奔驰SLC', NULL, 36, NULL, NULL, NULL, NULL, NULL, NULL, NULL);
INSERT INTO `t_car` VALUES (115, '奔驰SL级', NULL, 36, NULL, NULL, NULL, NULL, NULL, NULL, NULL);
INSERT INTO `t_car` VALUES (116, 'Concept A Sedan', NULL, 36, NULL, NULL, NULL, NULL, NULL, NULL, NULL);
INSERT INTO `t_car` VALUES (117, 'Concept IAA', NULL, 36, NULL, NULL, NULL, NULL, NULL, NULL, NULL);
INSERT INTO `t_car` VALUES (118, '奔驰F800', NULL, 36, NULL, NULL, NULL, NULL, NULL, NULL, NULL);
INSERT INTO `t_car` VALUES (119, '奔驰F 015', NULL, 36, NULL, NULL, NULL, NULL, NULL, NULL, NULL);
INSERT INTO `t_car` VALUES (120, 'Generation EQ', NULL, 36, NULL, NULL, NULL, NULL, NULL, NULL, NULL);
INSERT INTO `t_car` VALUES (121, '奔驰GLA(进口)', NULL, 36, NULL, NULL, NULL, NULL, NULL, NULL, NULL);
INSERT INTO `t_car` VALUES (122, 'Ener-G-Force', NULL, 36, NULL, NULL, NULL, NULL, NULL, NULL, NULL);
INSERT INTO `t_car` VALUES (123, 'Coupe SUV', NULL, 36, NULL, NULL, NULL, NULL, NULL, NULL, NULL);
INSERT INTO `t_car` VALUES (124, 'Sprinter', NULL, 36, NULL, NULL, NULL, NULL, NULL, NULL, NULL);
INSERT INTO `t_car` VALUES (125, '奔驰V级(进口)', NULL, 36, NULL, NULL, NULL, NULL, NULL, NULL, NULL);
INSERT INTO `t_car` VALUES (126, '威霆(进口)', NULL, 36, NULL, NULL, NULL, NULL, NULL, NULL, NULL);
INSERT INTO `t_car` VALUES (127, '奔驰CSC级', NULL, 36, NULL, NULL, NULL, NULL, NULL, NULL, NULL);
INSERT INTO `t_car` VALUES (128, '奔驰F125', NULL, 36, NULL, NULL, NULL, NULL, NULL, NULL, NULL);
INSERT INTO `t_car` VALUES (129, 'Vision Van', NULL, 36, NULL, NULL, NULL, NULL, NULL, NULL, NULL);
INSERT INTO `t_car` VALUES (130, '奔驰X级', NULL, 36, NULL, NULL, NULL, NULL, NULL, NULL, NULL);
INSERT INTO `t_car` VALUES (131, '奔驰GLK级(进口)', NULL, 36, NULL, NULL, NULL, NULL, NULL, NULL, NULL);
INSERT INTO `t_car` VALUES (132, '奔驰M级', NULL, 36, NULL, NULL, NULL, NULL, NULL, NULL, NULL);
INSERT INTO `t_car` VALUES (133, '奔驰GL级', NULL, 36, NULL, NULL, NULL, NULL, NULL, NULL, NULL);
INSERT INTO `t_car` VALUES (134, '唯雅诺(进口)', NULL, 36, NULL, NULL, NULL, NULL, NULL, NULL, NULL);
INSERT INTO `t_car` VALUES (135, '奔驰CLK级', NULL, 36, NULL, NULL, NULL, NULL, NULL, NULL, NULL);
INSERT INTO `t_car` VALUES (136, '奔驰CL级', NULL, 36, NULL, NULL, NULL, NULL, NULL, NULL, NULL);
INSERT INTO `t_car` VALUES (137, '奔驰SLK级', NULL, 36, NULL, NULL, NULL, NULL, NULL, NULL, NULL);
INSERT INTO `t_car` VALUES (138, '奔驰SLR级', NULL, 36, NULL, NULL, NULL, NULL, NULL, NULL, NULL);
INSERT INTO `t_car` VALUES (139, '奔驰A级AMG', NULL, 36, NULL, NULL, NULL, NULL, NULL, NULL, NULL);
INSERT INTO `t_car` VALUES (140, '奔驰CLA级AMG', NULL, 36, NULL, NULL, NULL, NULL, NULL, NULL, NULL);
INSERT INTO `t_car` VALUES (141, '奔驰C级AMG', NULL, 36, NULL, NULL, NULL, NULL, NULL, NULL, NULL);
INSERT INTO `t_car` VALUES (142, '奔驰CLS级AMG', NULL, 36, NULL, NULL, NULL, NULL, NULL, NULL, NULL);
INSERT INTO `t_car` VALUES (143, '奔驰E级AMG', NULL, 36, NULL, NULL, NULL, NULL, NULL, NULL, NULL);
INSERT INTO `t_car` VALUES (144, '奔驰S级AMG', NULL, 36, NULL, NULL, NULL, NULL, NULL, NULL, NULL);
INSERT INTO `t_car` VALUES (145, '奔驰GLA AMG', NULL, 36, NULL, NULL, NULL, NULL, NULL, NULL, NULL);
INSERT INTO `t_car` VALUES (146, '奔驰GLC AMG', NULL, 36, NULL, NULL, NULL, NULL, NULL, NULL, NULL);
INSERT INTO `t_car` VALUES (147, '奔驰GLE AMG', NULL, 36, NULL, NULL, NULL, NULL, NULL, NULL, NULL);
INSERT INTO `t_car` VALUES (148, '奔驰G级AMG', NULL, 36, NULL, NULL, NULL, NULL, NULL, NULL, NULL);
INSERT INTO `t_car` VALUES (149, '奔驰GLS AMG', NULL, 36, NULL, NULL, NULL, NULL, NULL, NULL, NULL);
INSERT INTO `t_car` VALUES (150, 'AMG GT', NULL, 36, NULL, NULL, NULL, NULL, NULL, NULL, NULL);
INSERT INTO `t_car` VALUES (151, 'GT Concept', NULL, 36, NULL, NULL, NULL, NULL, NULL, NULL, NULL);
INSERT INTO `t_car` VALUES (152, '奔驰SLK级AMG', NULL, 36, NULL, NULL, NULL, NULL, NULL, NULL, NULL);
INSERT INTO `t_car` VALUES (153, '奔驰SL级AMG', NULL, 36, NULL, NULL, NULL, NULL, NULL, NULL, NULL);
INSERT INTO `t_car` VALUES (154, 'Vision', NULL, 36, NULL, NULL, NULL, NULL, NULL, NULL, NULL);
INSERT INTO `t_car` VALUES (155, '奔驰SLC AMG', NULL, 36, NULL, NULL, NULL, NULL, NULL, NULL, NULL);
INSERT INTO `t_car` VALUES (156, '奔驰M级AMG', NULL, 36, NULL, NULL, NULL, NULL, NULL, NULL, NULL);
INSERT INTO `t_car` VALUES (157, '奔驰GL级AMG', NULL, 36, NULL, NULL, NULL, NULL, NULL, NULL, NULL);
INSERT INTO `t_car` VALUES (158, '奔驰CL级AMG', NULL, 36, NULL, NULL, NULL, NULL, NULL, NULL, NULL);
INSERT INTO `t_car` VALUES (159, '奔驰SLS级AMG', NULL, 36, NULL, NULL, NULL, NULL, NULL, NULL, NULL);
INSERT INTO `t_car` VALUES (160, '迈巴赫S级', NULL, 36, NULL, NULL, NULL, NULL, NULL, NULL, NULL);
INSERT INTO `t_car` VALUES (161, '迈巴赫G级', NULL, 36, NULL, NULL, NULL, NULL, NULL, NULL, NULL);
INSERT INTO `t_car` VALUES (162, 'Vision Mercedes-Maybach 6', NULL, 36, NULL, NULL, NULL, NULL, NULL, NULL, NULL);
INSERT INTO `t_car` VALUES (163, '杰德', NULL, 14, NULL, NULL, NULL, NULL, NULL, NULL, NULL);
INSERT INTO `t_car` VALUES (164, '思域', NULL, 14, NULL, NULL, NULL, NULL, NULL, NULL, NULL);
INSERT INTO `t_car` VALUES (165, '哥瑞', NULL, 14, NULL, NULL, NULL, NULL, NULL, NULL, NULL);
INSERT INTO `t_car` VALUES (166, '竞瑞', NULL, 14, NULL, NULL, NULL, NULL, NULL, NULL, NULL);
INSERT INTO `t_car` VALUES (167, '思铂睿', NULL, 14, NULL, NULL, NULL, NULL, NULL, NULL, NULL);
INSERT INTO `t_car` VALUES (168, '本田XR-V', NULL, 14, NULL, NULL, NULL, NULL, NULL, NULL, NULL);
INSERT INTO `t_car` VALUES (169, '本田CR-V', NULL, 14, NULL, NULL, NULL, NULL, NULL, NULL, NULL);
INSERT INTO `t_car` VALUES (170, '本田UR-V', NULL, 14, NULL, NULL, NULL, NULL, NULL, NULL, NULL);
INSERT INTO `t_car` VALUES (171, '艾力绅', NULL, 14, NULL, NULL, NULL, NULL, NULL, NULL, NULL);
INSERT INTO `t_car` VALUES (172, '本田S', NULL, 14, NULL, NULL, NULL, NULL, NULL, NULL, NULL);
INSERT INTO `t_car` VALUES (173, '飞度', NULL, 14, NULL, NULL, NULL, NULL, NULL, NULL, NULL);
INSERT INTO `t_car` VALUES (174, '锋范', NULL, 14, NULL, NULL, NULL, NULL, NULL, NULL, NULL);
INSERT INTO `t_car` VALUES (175, '凌派', NULL, 14, NULL, NULL, NULL, NULL, NULL, NULL, NULL);
INSERT INTO `t_car` VALUES (176, '歌诗图', NULL, 14, NULL, NULL, NULL, NULL, NULL, NULL, NULL);
INSERT INTO `t_car` VALUES (177, '雅阁', NULL, 14, NULL, NULL, NULL, NULL, NULL, NULL, NULL);
INSERT INTO `t_car` VALUES (178, '缤智', NULL, 14, NULL, NULL, NULL, NULL, NULL, NULL, NULL);
INSERT INTO `t_car` VALUES (179, '冠道', NULL, 14, NULL, NULL, NULL, NULL, NULL, NULL, NULL);
INSERT INTO `t_car` VALUES (180, '奥德赛', NULL, 14, NULL, NULL, NULL, NULL, NULL, NULL, NULL);
INSERT INTO `t_car` VALUES (181, '本田C', NULL, 14, NULL, NULL, NULL, NULL, NULL, NULL, NULL);
INSERT INTO `t_car` VALUES (182, '锋范经典', NULL, 14, NULL, NULL, NULL, NULL, NULL, NULL, NULL);
INSERT INTO `t_car` VALUES (183, '思迪', NULL, 14, NULL, NULL, NULL, NULL, NULL, NULL, NULL);
INSERT INTO `t_car` VALUES (184, '本田CR-Z', NULL, 14, NULL, NULL, NULL, NULL, NULL, NULL, NULL);
INSERT INTO `t_car` VALUES (185, 'INSIGHT', NULL, 14, NULL, NULL, NULL, NULL, NULL, NULL, NULL);
INSERT INTO `t_car` VALUES (186, 'NeuV', NULL, 14, NULL, NULL, NULL, NULL, NULL, NULL, NULL);
INSERT INTO `t_car` VALUES (187, '飞度(进口)', NULL, 14, NULL, NULL, NULL, NULL, NULL, NULL, NULL);
INSERT INTO `t_car` VALUES (188, '锋范(海外)', NULL, 14, NULL, NULL, NULL, NULL, NULL, NULL, NULL);
INSERT INTO `t_car` VALUES (189, 'CLARITY', NULL, 14, NULL, NULL, NULL, NULL, NULL, NULL, NULL);
INSERT INTO `t_car` VALUES (190, 'CONCEPT B', NULL, 14, NULL, NULL, NULL, NULL, NULL, NULL, NULL);
INSERT INTO `t_car` VALUES (191, '杰德(海外)', NULL, 14, NULL, NULL, NULL, NULL, NULL, NULL, NULL);
INSERT INTO `t_car` VALUES (192, '思域(海外)', NULL, 14, NULL, NULL, NULL, NULL, NULL, NULL, NULL);
INSERT INTO `t_car` VALUES (193, '歌诗图(海外)', NULL, 14, NULL, NULL, NULL, NULL, NULL, NULL, NULL);
INSERT INTO `t_car` VALUES (194, '雅阁(海外)', NULL, 14, NULL, NULL, NULL, NULL, NULL, NULL, NULL);
INSERT INTO `t_car` VALUES (195, 'VEZEL', NULL, 14, NULL, NULL, NULL, NULL, NULL, NULL, NULL);
INSERT INTO `t_car` VALUES (196, '本田HR-V', NULL, 14, NULL, NULL, NULL, NULL, NULL, NULL, NULL);
INSERT INTO `t_car` VALUES (197, '本田Urban', NULL, 14, NULL, NULL, NULL, NULL, NULL, NULL, NULL);
INSERT INTO `t_car` VALUES (198, 'CONCEPT V', NULL, 14, NULL, NULL, NULL, NULL, NULL, NULL, NULL);
INSERT INTO `t_car` VALUES (199, '本田CR-V(海外)', NULL, 14, NULL, NULL, NULL, NULL, NULL, NULL, NULL);
INSERT INTO `t_car` VALUES (200, 'Pilot', NULL, 14, NULL, NULL, NULL, NULL, NULL, NULL, NULL);
INSERT INTO `t_car` VALUES (201, '奥德赛(海外)', NULL, 14, NULL, NULL, NULL, NULL, NULL, NULL, NULL);
INSERT INTO `t_car` VALUES (202, 'EV-Ster', NULL, 14, NULL, NULL, NULL, NULL, NULL, NULL, NULL);
INSERT INTO `t_car` VALUES (203, '本田NSX', NULL, 14, NULL, NULL, NULL, NULL, NULL, NULL, NULL);
INSERT INTO `t_car` VALUES (204, '本田S660', NULL, 14, NULL, NULL, NULL, NULL, NULL, NULL, NULL);
INSERT INTO `t_car` VALUES (205, 'Ridgeline', NULL, 14, NULL, NULL, NULL, NULL, NULL, NULL, NULL);
INSERT INTO `t_car` VALUES (206, '本田FCV', NULL, 14, NULL, NULL, NULL, NULL, NULL, NULL, NULL);
INSERT INTO `t_car` VALUES (207, '本田FCX', NULL, 14, NULL, NULL, NULL, NULL, NULL, NULL, NULL);
INSERT INTO `t_car` VALUES (208, '时韵', NULL, 14, NULL, NULL, NULL, NULL, NULL, NULL, NULL);
INSERT INTO `t_car` VALUES (209, '本田S2000', NULL, 14, NULL, NULL, NULL, NULL, NULL, NULL, NULL);
INSERT INTO `t_car` VALUES (210, '宝马1系', NULL, 15, NULL, NULL, NULL, NULL, NULL, NULL, NULL);
INSERT INTO `t_car` VALUES (211, '宝马2系旅行车', NULL, 15, NULL, NULL, NULL, NULL, NULL, NULL, NULL);
INSERT INTO `t_car` VALUES (212, '宝马3系', NULL, 15, NULL, NULL, NULL, NULL, NULL, NULL, NULL);
INSERT INTO `t_car` VALUES (213, '宝马5系', NULL, 15, NULL, NULL, NULL, NULL, NULL, NULL, NULL);
INSERT INTO `t_car` VALUES (214, '宝马5系新能源', NULL, 15, NULL, NULL, NULL, NULL, NULL, NULL, NULL);
INSERT INTO `t_car` VALUES (215, '宝马X1', NULL, 15, NULL, NULL, NULL, NULL, NULL, NULL, NULL);
INSERT INTO `t_car` VALUES (216, '宝马X1新能源', NULL, 15, NULL, NULL, NULL, NULL, NULL, NULL, NULL);
INSERT INTO `t_car` VALUES (217, '宝马i3', NULL, 15, NULL, NULL, NULL, NULL, NULL, NULL, NULL);
INSERT INTO `t_car` VALUES (218, '宝马1系(进口)', NULL, 15, NULL, NULL, NULL, NULL, NULL, NULL, NULL);
INSERT INTO `t_car` VALUES (219, '宝马3系(进口)', NULL, 15, NULL, NULL, NULL, NULL, NULL, NULL, NULL);
INSERT INTO `t_car` VALUES (220, '宝马3系GT', NULL, 15, NULL, NULL, NULL, NULL, NULL, NULL, NULL);
INSERT INTO `t_car` VALUES (221, '宝马4系', NULL, 15, NULL, NULL, NULL, NULL, NULL, NULL, NULL);
INSERT INTO `t_car` VALUES (222, '宝马5系(进口)', NULL, 15, NULL, NULL, NULL, NULL, NULL, NULL, NULL);
INSERT INTO `t_car` VALUES (223, '宝马5系GT', NULL, 15, NULL, NULL, NULL, NULL, NULL, NULL, NULL);
INSERT INTO `t_car` VALUES (224, '宝马6系', NULL, 15, NULL, NULL, NULL, NULL, NULL, NULL, NULL);
INSERT INTO `t_car` VALUES (225, '宝马7系', NULL, 15, NULL, NULL, NULL, NULL, NULL, NULL, NULL);
INSERT INTO `t_car` VALUES (226, '宝马7系新能源', NULL, 15, NULL, NULL, NULL, NULL, NULL, NULL, NULL);
INSERT INTO `t_car` VALUES (227, '宝马X3', NULL, 15, NULL, NULL, NULL, NULL, NULL, NULL, NULL);
INSERT INTO `t_car` VALUES (228, '宝马X4', NULL, 15, NULL, NULL, NULL, NULL, NULL, NULL, NULL);
INSERT INTO `t_car` VALUES (229, '宝马X5', NULL, 15, NULL, NULL, NULL, NULL, NULL, NULL, NULL);
INSERT INTO `t_car` VALUES (230, '宝马X5新能源', NULL, 15, NULL, NULL, NULL, NULL, NULL, NULL, NULL);
INSERT INTO `t_car` VALUES (231, '宝马X6', NULL, 15, NULL, NULL, NULL, NULL, NULL, NULL, NULL);
INSERT INTO `t_car` VALUES (232, '宝马2系多功能旅行车', NULL, 15, NULL, NULL, NULL, NULL, NULL, NULL, NULL);
INSERT INTO `t_car` VALUES (233, '宝马2系', NULL, 15, NULL, NULL, NULL, NULL, NULL, NULL, NULL);
INSERT INTO `t_car` VALUES (234, '宝马i8', NULL, 15, NULL, NULL, NULL, NULL, NULL, NULL, NULL);
INSERT INTO `t_car` VALUES (235, '宝马Z4', NULL, 15, NULL, NULL, NULL, NULL, NULL, NULL, NULL);
INSERT INTO `t_car` VALUES (236, 'Compact Sedan', NULL, 15, NULL, NULL, NULL, NULL, NULL, NULL, NULL);
INSERT INTO `t_car` VALUES (237, '宝马2系旅行车(进口)', NULL, 15, NULL, NULL, NULL, NULL, NULL, NULL, NULL);
INSERT INTO `t_car` VALUES (238, 'VISION NEXT 100', NULL, 15, NULL, NULL, NULL, NULL, NULL, NULL, NULL);
INSERT INTO `t_car` VALUES (239, '宝马6系GT', NULL, 15, NULL, NULL, NULL, NULL, NULL, NULL, NULL);
INSERT INTO `t_car` VALUES (240, 'Vision Future Luxury', NULL, 15, NULL, NULL, NULL, NULL, NULL, NULL, NULL);
INSERT INTO `t_car` VALUES (241, '宝马X1(进口)', NULL, 15, NULL, NULL, NULL, NULL, NULL, NULL, NULL);
INSERT INTO `t_car` VALUES (242, '宝马X2', NULL, 15, NULL, NULL, NULL, NULL, NULL, NULL, NULL);
INSERT INTO `t_car` VALUES (243, '2002 Hommage', NULL, 15, NULL, NULL, NULL, NULL, NULL, NULL, NULL);
INSERT INTO `t_car` VALUES (244, '3.0 CSL Hommage', NULL, 15, NULL, NULL, NULL, NULL, NULL, NULL, NULL);
INSERT INTO `t_car` VALUES (245, 'Gran Lusso', NULL, 15, NULL, NULL, NULL, NULL, NULL, NULL, NULL);
INSERT INTO `t_car` VALUES (246, 'i Vision Future Interaction', NULL, 15, NULL, NULL, NULL, NULL, NULL, NULL, NULL);
INSERT INTO `t_car` VALUES (247, 'Zagato Coupe', NULL, 15, NULL, NULL, NULL, NULL, NULL, NULL, NULL);
INSERT INTO `t_car` VALUES (248, '宝马8系', NULL, 15, NULL, NULL, NULL, NULL, NULL, NULL, NULL);
INSERT INTO `t_car` VALUES (249, 'Isetta', NULL, 15, NULL, NULL, NULL, NULL, NULL, NULL, NULL);
INSERT INTO `t_car` VALUES (250, 'Active Tourer', NULL, 15, NULL, NULL, NULL, NULL, NULL, NULL, NULL);
INSERT INTO `t_car` VALUES (251, 'ConnectedDrive', NULL, 15, NULL, NULL, NULL, NULL, NULL, NULL, NULL);
INSERT INTO `t_car` VALUES (252, 'EfficientDynamics', NULL, 15, NULL, NULL, NULL, NULL, NULL, NULL, NULL);
INSERT INTO `t_car` VALUES (253, '宝马GINA', NULL, 15, NULL, NULL, NULL, NULL, NULL, NULL, NULL);
INSERT INTO `t_car` VALUES (254, '宝马Z8', NULL, 15, NULL, NULL, NULL, NULL, NULL, NULL, NULL);
INSERT INTO `t_car` VALUES (255, '宝马M3', NULL, 15, NULL, NULL, NULL, NULL, NULL, NULL, NULL);
INSERT INTO `t_car` VALUES (256, '宝马M4', NULL, 15, NULL, NULL, NULL, NULL, NULL, NULL, NULL);
INSERT INTO `t_car` VALUES (257, '宝马M5', NULL, 15, NULL, NULL, NULL, NULL, NULL, NULL, NULL);
INSERT INTO `t_car` VALUES (258, '宝马M6', NULL, 15, NULL, NULL, NULL, NULL, NULL, NULL, NULL);
INSERT INTO `t_car` VALUES (259, '宝马X5 M', NULL, 15, NULL, NULL, NULL, NULL, NULL, NULL, NULL);
INSERT INTO `t_car` VALUES (260, '宝马X6 M', NULL, 15, NULL, NULL, NULL, NULL, NULL, NULL, NULL);
INSERT INTO `t_car` VALUES (261, '宝马M2', NULL, 15, NULL, NULL, NULL, NULL, NULL, NULL, NULL);
INSERT INTO `t_car` VALUES (262, '宝马1系M', NULL, 15, NULL, NULL, NULL, NULL, NULL, NULL, NULL);
INSERT INTO `t_car` VALUES (263, '宝马M1', NULL, 15, NULL, NULL, NULL, NULL, NULL, NULL, NULL);
INSERT INTO `t_car` VALUES (264, 'VELITE 5', NULL, 38, NULL, NULL, NULL, NULL, NULL, NULL, NULL);
INSERT INTO `t_car` VALUES (265, '威朗', NULL, 38, NULL, NULL, NULL, NULL, NULL, NULL, NULL);
INSERT INTO `t_car` VALUES (266, '英朗', 1, 38, '2018', NULL, 227.00, 1, 0, 'true', 2);
INSERT INTO `t_car` VALUES (267, '君威', NULL, 38, NULL, NULL, NULL, NULL, NULL, NULL, NULL);
INSERT INTO `t_car` VALUES (268, '君越', NULL, 38, NULL, NULL, NULL, NULL, NULL, NULL, NULL);
INSERT INTO `t_car` VALUES (269, '昂科拉', 5, 38, '2017', NULL, 246.00, 1, 0, 'true', 1);
INSERT INTO `t_car` VALUES (270, '昂科威', NULL, 38, NULL, NULL, NULL, NULL, NULL, NULL, NULL);
INSERT INTO `t_car` VALUES (271, '别克GL8', 6, 38, '2013', NULL, 651.00, 1, 0, 'true', 2);
INSERT INTO `t_car` VALUES (272, '凯越', NULL, 38, NULL, NULL, NULL, NULL, NULL, NULL, NULL);
INSERT INTO `t_car` VALUES (273, '林荫大道', NULL, 38, NULL, NULL, NULL, NULL, NULL, NULL, NULL);
INSERT INTO `t_car` VALUES (274, '荣御', NULL, 38, NULL, NULL, NULL, NULL, NULL, NULL, NULL);
INSERT INTO `t_car` VALUES (275, '昂科雷', NULL, 38, NULL, NULL, NULL, NULL, NULL, NULL, NULL);
INSERT INTO `t_car` VALUES (276, 'VERANO(海外)', NULL, 38, NULL, NULL, NULL, NULL, NULL, NULL, NULL);
INSERT INTO `t_car` VALUES (277, '君威(海外)', NULL, 38, NULL, NULL, NULL, NULL, NULL, NULL, NULL);
INSERT INTO `t_car` VALUES (278, '君越(海外)', NULL, 38, NULL, NULL, NULL, NULL, NULL, NULL, NULL);
INSERT INTO `t_car` VALUES (279, 'Avenir', NULL, 38, NULL, NULL, NULL, NULL, NULL, NULL, NULL);
INSERT INTO `t_car` VALUES (280, '昂科威(海外)', NULL, 38, NULL, NULL, NULL, NULL, NULL, NULL, NULL);
INSERT INTO `t_car` VALUES (281, 'Avista', NULL, 38, NULL, NULL, NULL, NULL, NULL, NULL, NULL);
INSERT INTO `t_car` VALUES (282, 'Riviera', NULL, 38, NULL, NULL, NULL, NULL, NULL, NULL, NULL);
INSERT INTO `t_car` VALUES (283, '别克Cascada', NULL, 38, NULL, NULL, NULL, NULL, NULL, NULL, NULL);
INSERT INTO `t_car` VALUES (284, 'Roadmaster', NULL, 38, NULL, NULL, NULL, NULL, NULL, NULL, NULL);
INSERT INTO `t_car` VALUES (285, 'Special', NULL, 38, NULL, NULL, NULL, NULL, NULL, NULL, NULL);
INSERT INTO `t_car` VALUES (286, '宋MAX', NULL, 75, NULL, NULL, NULL, NULL, NULL, NULL, NULL);
INSERT INTO `t_car` VALUES (287, '比亚迪F0', NULL, 75, NULL, NULL, NULL, NULL, NULL, NULL, NULL);
INSERT INTO `t_car` VALUES (288, '比亚迪e5', NULL, 75, NULL, NULL, NULL, NULL, NULL, NULL, NULL);
INSERT INTO `t_car` VALUES (289, '比亚迪F3', NULL, 75, NULL, NULL, NULL, NULL, NULL, NULL, NULL);
INSERT INTO `t_car` VALUES (290, '比亚迪G5', NULL, 75, NULL, NULL, NULL, NULL, NULL, NULL, NULL);
INSERT INTO `t_car` VALUES (291, '秦', NULL, 75, NULL, NULL, NULL, NULL, NULL, NULL, NULL);
INSERT INTO `t_car` VALUES (292, '速锐', NULL, 75, NULL, NULL, NULL, NULL, NULL, NULL, NULL);
INSERT INTO `t_car` VALUES (293, '元', NULL, 75, NULL, NULL, NULL, NULL, NULL, NULL, NULL);
INSERT INTO `t_car` VALUES (294, '宋', NULL, 75, NULL, NULL, NULL, NULL, NULL, NULL, NULL);
INSERT INTO `t_car` VALUES (295, '宋新能源', NULL, 75, NULL, NULL, NULL, NULL, NULL, NULL, NULL);
INSERT INTO `t_car` VALUES (296, '比亚迪S6', NULL, 75, NULL, NULL, NULL, NULL, NULL, NULL, NULL);
INSERT INTO `t_car` VALUES (297, '比亚迪S7', NULL, 75, NULL, NULL, NULL, NULL, NULL, NULL, NULL);
INSERT INTO `t_car` VALUES (298, '唐', NULL, 75, NULL, NULL, NULL, NULL, NULL, NULL, NULL);
INSERT INTO `t_car` VALUES (299, '比亚迪e6', NULL, 75, NULL, NULL, NULL, NULL, NULL, NULL, NULL);
INSERT INTO `t_car` VALUES (300, '比亚迪M6', NULL, 75, NULL, NULL, NULL, NULL, NULL, NULL, NULL);
INSERT INTO `t_car` VALUES (301, '王朝概念车', NULL, 75, NULL, NULL, NULL, NULL, NULL, NULL, NULL);
INSERT INTO `t_car` VALUES (302, '商', NULL, 75, NULL, NULL, NULL, NULL, NULL, NULL, NULL);
INSERT INTO `t_car` VALUES (303, '福莱尔', NULL, 75, NULL, NULL, NULL, NULL, NULL, NULL, NULL);
INSERT INTO `t_car` VALUES (304, '比亚迪F3R', NULL, 75, NULL, NULL, NULL, NULL, NULL, NULL, NULL);
INSERT INTO `t_car` VALUES (305, '比亚迪F3新能源', NULL, 75, NULL, NULL, NULL, NULL, NULL, NULL, NULL);
INSERT INTO `t_car` VALUES (306, '比亚迪G3', NULL, 75, NULL, NULL, NULL, NULL, NULL, NULL, NULL);
INSERT INTO `t_car` VALUES (307, '比亚迪G3R', NULL, 75, NULL, NULL, NULL, NULL, NULL, NULL, NULL);
INSERT INTO `t_car` VALUES (308, '比亚迪L3', NULL, 75, NULL, NULL, NULL, NULL, NULL, NULL, NULL);
INSERT INTO `t_car` VALUES (309, '比亚迪F6', NULL, 75, NULL, NULL, NULL, NULL, NULL, NULL, NULL);
INSERT INTO `t_car` VALUES (310, '比亚迪G6', NULL, 75, NULL, NULL, NULL, NULL, NULL, NULL, NULL);
INSERT INTO `t_car` VALUES (311, '思锐', NULL, 75, NULL, NULL, NULL, NULL, NULL, NULL, NULL);
INSERT INTO `t_car` VALUES (312, '比亚迪S8', NULL, 75, NULL, NULL, NULL, NULL, NULL, NULL, NULL);
INSERT INTO `t_car` VALUES (313, '宝骏E100', NULL, 120, NULL, NULL, NULL, NULL, NULL, NULL, NULL);
INSERT INTO `t_car` VALUES (314, '乐驰', NULL, 120, NULL, NULL, NULL, NULL, NULL, NULL, NULL);
INSERT INTO `t_car` VALUES (315, '宝骏310', NULL, 120, NULL, NULL, NULL, NULL, NULL, NULL, NULL);
INSERT INTO `t_car` VALUES (316, '宝骏330', NULL, 120, NULL, NULL, NULL, NULL, NULL, NULL, NULL);
INSERT INTO `t_car` VALUES (317, '宝骏310W', NULL, 120, NULL, NULL, NULL, NULL, NULL, NULL, NULL);
INSERT INTO `t_car` VALUES (318, '宝骏610', NULL, 120, NULL, NULL, NULL, NULL, NULL, NULL, NULL);
INSERT INTO `t_car` VALUES (319, '宝骏630', NULL, 120, NULL, NULL, NULL, NULL, NULL, NULL, NULL);
INSERT INTO `t_car` VALUES (320, '宝骏510', NULL, 120, NULL, NULL, NULL, NULL, NULL, NULL, NULL);
INSERT INTO `t_car` VALUES (321, '宝骏560', NULL, 120, NULL, NULL, NULL, NULL, NULL, NULL, NULL);
INSERT INTO `t_car` VALUES (322, '宝骏730', NULL, 120, NULL, NULL, NULL, NULL, NULL, NULL, NULL);
INSERT INTO `t_car` VALUES (323, '标致301', NULL, 13, NULL, NULL, NULL, NULL, NULL, NULL, NULL);
INSERT INTO `t_car` VALUES (324, '标致308', NULL, 13, NULL, NULL, NULL, NULL, NULL, NULL, NULL);
INSERT INTO `t_car` VALUES (325, '标致308S', NULL, 13, NULL, NULL, NULL, NULL, NULL, NULL, NULL);
INSERT INTO `t_car` VALUES (326, '标致408', NULL, 13, NULL, NULL, NULL, NULL, NULL, NULL, NULL);
INSERT INTO `t_car` VALUES (327, '标致508', NULL, 13, NULL, NULL, NULL, NULL, NULL, NULL, NULL);
INSERT INTO `t_car` VALUES (328, '标致2008', NULL, 13, NULL, NULL, NULL, NULL, NULL, NULL, NULL);
INSERT INTO `t_car` VALUES (329, '标致3008', NULL, 13, NULL, NULL, NULL, NULL, NULL, NULL, NULL);
INSERT INTO `t_car` VALUES (330, '标致4008', NULL, 13, NULL, NULL, NULL, NULL, NULL, NULL, NULL);
INSERT INTO `t_car` VALUES (331, '标致5008', NULL, 13, NULL, NULL, NULL, NULL, NULL, NULL, NULL);
INSERT INTO `t_car` VALUES (332, '标致206', NULL, 13, NULL, NULL, NULL, NULL, NULL, NULL, NULL);
INSERT INTO `t_car` VALUES (333, '标致207', NULL, 13, NULL, NULL, NULL, NULL, NULL, NULL, NULL);
INSERT INTO `t_car` VALUES (334, '标致307', NULL, 13, NULL, NULL, NULL, NULL, NULL, NULL, NULL);
INSERT INTO `t_car` VALUES (335, '标致107', NULL, 13, NULL, NULL, NULL, NULL, NULL, NULL, NULL);
INSERT INTO `t_car` VALUES (336, '标致108', NULL, 13, NULL, NULL, NULL, NULL, NULL, NULL, NULL);
INSERT INTO `t_car` VALUES (337, 'Fractal', NULL, 13, NULL, NULL, NULL, NULL, NULL, NULL, NULL);
INSERT INTO `t_car` VALUES (338, '标致208', NULL, 13, NULL, NULL, NULL, NULL, NULL, NULL, NULL);
INSERT INTO `t_car` VALUES (339, 'EXALT', NULL, 13, NULL, NULL, NULL, NULL, NULL, NULL, NULL);
INSERT INTO `t_car` VALUES (340, 'Instinct', NULL, 13, NULL, NULL, NULL, NULL, NULL, NULL, NULL);
INSERT INTO `t_car` VALUES (341, '标致301(海外)', NULL, 13, NULL, NULL, NULL, NULL, NULL, NULL, NULL);
INSERT INTO `t_car` VALUES (342, '标致308(进口)', NULL, 13, NULL, NULL, NULL, NULL, NULL, NULL, NULL);
INSERT INTO `t_car` VALUES (343, '标致508(进口)', NULL, 13, NULL, NULL, NULL, NULL, NULL, NULL, NULL);
INSERT INTO `t_car` VALUES (344, '标致HX1', NULL, 13, NULL, NULL, NULL, NULL, NULL, NULL, NULL);
INSERT INTO `t_car` VALUES (345, 'Urban Crossover', NULL, 13, NULL, NULL, NULL, NULL, NULL, NULL, NULL);
INSERT INTO `t_car` VALUES (346, '标致2008(海外)', NULL, 13, NULL, NULL, NULL, NULL, NULL, NULL, NULL);
INSERT INTO `t_car` VALUES (347, 'Quartz', NULL, 13, NULL, NULL, NULL, NULL, NULL, NULL, NULL);
INSERT INTO `t_car` VALUES (348, '标致3008(进口)', NULL, 13, NULL, NULL, NULL, NULL, NULL, NULL, NULL);
INSERT INTO `t_car` VALUES (349, '标致5008(海外)', NULL, 13, NULL, NULL, NULL, NULL, NULL, NULL, NULL);
INSERT INTO `t_car` VALUES (350, '标致SXC', NULL, 13, NULL, NULL, NULL, NULL, NULL, NULL, NULL);
INSERT INTO `t_car` VALUES (351, '标致5008经典', NULL, 13, NULL, NULL, NULL, NULL, NULL, NULL, NULL);
INSERT INTO `t_car` VALUES (352, 'ONYX', NULL, 13, NULL, NULL, NULL, NULL, NULL, NULL, NULL);
INSERT INTO `t_car` VALUES (353, '标致RCZ', NULL, 13, NULL, NULL, NULL, NULL, NULL, NULL, NULL);
INSERT INTO `t_car` VALUES (354, 'TRAVELLER', NULL, 13, NULL, NULL, NULL, NULL, NULL, NULL, NULL);
INSERT INTO `t_car` VALUES (355, '标致BB1', NULL, 13, NULL, NULL, NULL, NULL, NULL, NULL, NULL);
INSERT INTO `t_car` VALUES (356, '标致iOn', NULL, 13, NULL, NULL, NULL, NULL, NULL, NULL, NULL);
INSERT INTO `t_car` VALUES (357, '标致206(进口)', NULL, 13, NULL, NULL, NULL, NULL, NULL, NULL, NULL);
INSERT INTO `t_car` VALUES (358, '标致207(进口)', NULL, 13, NULL, NULL, NULL, NULL, NULL, NULL, NULL);
INSERT INTO `t_car` VALUES (359, '标致307(进口)', NULL, 13, NULL, NULL, NULL, NULL, NULL, NULL, NULL);
INSERT INTO `t_car` VALUES (360, '5 by Peugeot', NULL, 13, NULL, NULL, NULL, NULL, NULL, NULL, NULL);
INSERT INTO `t_car` VALUES (361, '标致407', NULL, 13, NULL, NULL, NULL, NULL, NULL, NULL, NULL);
INSERT INTO `t_car` VALUES (362, '标致607', NULL, 13, NULL, NULL, NULL, NULL, NULL, NULL, NULL);
INSERT INTO `t_car` VALUES (363, '标致HR1', NULL, 13, NULL, NULL, NULL, NULL, NULL, NULL, NULL);
INSERT INTO `t_car` VALUES (364, '标致4008(进口)', NULL, 13, NULL, NULL, NULL, NULL, NULL, NULL, NULL);
INSERT INTO `t_car` VALUES (365, '标致EX1', NULL, 13, NULL, NULL, NULL, NULL, NULL, NULL, NULL);
INSERT INTO `t_car` VALUES (366, '标致SR1', NULL, 13, NULL, NULL, NULL, NULL, NULL, NULL, NULL);
INSERT INTO `t_car` VALUES (367, 'Panamera', NULL, 40, NULL, NULL, NULL, NULL, NULL, NULL, NULL);
INSERT INTO `t_car` VALUES (368, 'Panamera新能源', NULL, 40, NULL, NULL, NULL, NULL, NULL, NULL, NULL);
INSERT INTO `t_car` VALUES (369, 'Macan', NULL, 40, NULL, NULL, NULL, NULL, NULL, NULL, NULL);
INSERT INTO `t_car` VALUES (370, 'Cayenne', NULL, 40, NULL, NULL, NULL, NULL, NULL, NULL, NULL);
INSERT INTO `t_car` VALUES (371, 'Cayenne新能源', NULL, 40, NULL, NULL, NULL, NULL, NULL, NULL, NULL);
INSERT INTO `t_car` VALUES (372, '保时捷718', NULL, 40, NULL, NULL, NULL, NULL, NULL, NULL, NULL);
INSERT INTO `t_car` VALUES (373, '保时捷911', NULL, 40, NULL, NULL, NULL, NULL, NULL, NULL, NULL);
INSERT INTO `t_car` VALUES (374, 'Cayman', NULL, 40, NULL, NULL, NULL, NULL, NULL, NULL, NULL);
INSERT INTO `t_car` VALUES (375, 'Mission E', NULL, 40, NULL, NULL, NULL, NULL, NULL, NULL, NULL);
INSERT INTO `t_car` VALUES (376, '919 Hybrid', NULL, 40, NULL, NULL, NULL, NULL, NULL, NULL, NULL);
INSERT INTO `t_car` VALUES (377, '918 Spyder', NULL, 40, NULL, NULL, NULL, NULL, NULL, NULL, NULL);
INSERT INTO `t_car` VALUES (378, 'Boxster', NULL, 40, NULL, NULL, NULL, NULL, NULL, NULL, NULL);
INSERT INTO `t_car` VALUES (379, 'Carrera GT', NULL, 40, NULL, NULL, NULL, NULL, NULL, NULL, NULL);
INSERT INTO `t_car` VALUES (380, '保时捷356', NULL, 40, NULL, NULL, NULL, NULL, NULL, NULL, NULL);
INSERT INTO `t_car` VALUES (381, '保时捷968', NULL, 40, NULL, NULL, NULL, NULL, NULL, NULL, NULL);
INSERT INTO `t_car` VALUES (382, '奔腾B30', NULL, 95, NULL, NULL, NULL, NULL, NULL, NULL, NULL);
INSERT INTO `t_car` VALUES (383, '奔腾B50', NULL, 95, NULL, NULL, NULL, NULL, NULL, NULL, NULL);
INSERT INTO `t_car` VALUES (384, '奔腾B70', NULL, 95, NULL, NULL, NULL, NULL, NULL, NULL, NULL);
INSERT INTO `t_car` VALUES (385, '奔腾B90', NULL, 95, NULL, NULL, NULL, NULL, NULL, NULL, NULL);
INSERT INTO `t_car` VALUES (386, '奔腾X40', NULL, 95, NULL, NULL, NULL, NULL, NULL, NULL, NULL);
INSERT INTO `t_car` VALUES (387, '奔腾X80', NULL, 95, NULL, NULL, NULL, NULL, NULL, NULL, NULL);
INSERT INTO `t_car` VALUES (388, '战旗', NULL, 154, NULL, NULL, NULL, NULL, NULL, NULL, NULL);
INSERT INTO `t_car` VALUES (389, 'BJ 212', NULL, 154, NULL, NULL, NULL, NULL, NULL, NULL, NULL);
INSERT INTO `t_car` VALUES (390, '北京BW007', NULL, 154, NULL, NULL, NULL, NULL, NULL, NULL, NULL);
INSERT INTO `t_car` VALUES (391, '勇士', NULL, 154, NULL, NULL, NULL, NULL, NULL, NULL, NULL);
INSERT INTO `t_car` VALUES (392, '越铃', NULL, 154, NULL, NULL, NULL, NULL, NULL, NULL, NULL);
INSERT INTO `t_car` VALUES (393, '骑士S12', NULL, 154, NULL, NULL, NULL, NULL, NULL, NULL, NULL);
INSERT INTO `t_car` VALUES (394, '北汽威旺S50', NULL, 143, NULL, NULL, NULL, NULL, NULL, NULL, NULL);
INSERT INTO `t_car` VALUES (395, '北汽威旺M50F', NULL, 143, NULL, NULL, NULL, NULL, NULL, NULL, NULL);
INSERT INTO `t_car` VALUES (396, '北汽威旺306', NULL, 143, NULL, NULL, NULL, NULL, NULL, NULL, NULL);
INSERT INTO `t_car` VALUES (397, '北汽威旺M20', NULL, 143, NULL, NULL, NULL, NULL, NULL, NULL, NULL);
INSERT INTO `t_car` VALUES (398, '北汽威旺M30', NULL, 143, NULL, NULL, NULL, NULL, NULL, NULL, NULL);
INSERT INTO `t_car` VALUES (399, '北汽威旺M35', NULL, 143, NULL, NULL, NULL, NULL, NULL, NULL, NULL);
INSERT INTO `t_car` VALUES (400, '北汽威旺T205-D', NULL, 143, NULL, NULL, NULL, NULL, NULL, NULL, NULL);
INSERT INTO `t_car` VALUES (401, '北汽威旺307', NULL, 143, NULL, NULL, NULL, NULL, NULL, NULL, NULL);
INSERT INTO `t_car` VALUES (402, '北汽威旺205', NULL, 143, NULL, NULL, NULL, NULL, NULL, NULL, NULL);
INSERT INTO `t_car` VALUES (403, '北汽007', NULL, 143, NULL, NULL, NULL, NULL, NULL, NULL, NULL);
INSERT INTO `t_car` VALUES (404, '北京(BJ)20', NULL, 27, NULL, NULL, NULL, NULL, NULL, NULL, NULL);
INSERT INTO `t_car` VALUES (405, '北京BJ40', NULL, 27, NULL, NULL, NULL, NULL, NULL, NULL, NULL);
INSERT INTO `t_car` VALUES (406, '北京BJ80', NULL, 27, NULL, NULL, NULL, NULL, NULL, NULL, NULL);
INSERT INTO `t_car` VALUES (407, '北京BJ90', NULL, 27, NULL, NULL, NULL, NULL, NULL, NULL, NULL);
INSERT INTO `t_car` VALUES (408, '北京汽车E系列', NULL, 27, NULL, NULL, NULL, NULL, NULL, NULL, NULL);
INSERT INTO `t_car` VALUES (409, '北京汽车B90', NULL, 27, NULL, NULL, NULL, NULL, NULL, NULL, NULL);
INSERT INTO `t_car` VALUES (410, '北汽幻速S2', NULL, 203, NULL, NULL, NULL, NULL, NULL, NULL, NULL);
INSERT INTO `t_car` VALUES (411, '北汽幻速S3', NULL, 203, NULL, NULL, NULL, NULL, NULL, NULL, NULL);
INSERT INTO `t_car` VALUES (412, '北汽幻速S5', NULL, 203, NULL, NULL, NULL, NULL, NULL, NULL, NULL);
INSERT INTO `t_car` VALUES (413, '北汽幻速S6', NULL, 203, NULL, NULL, NULL, NULL, NULL, NULL, NULL);
INSERT INTO `t_car` VALUES (414, '北汽幻速H3', NULL, 203, NULL, NULL, NULL, NULL, NULL, NULL, NULL);
INSERT INTO `t_car` VALUES (415, '北汽幻速H2', NULL, 203, NULL, NULL, NULL, NULL, NULL, NULL, NULL);
INSERT INTO `t_car` VALUES (416, '北汽幻速H2V', NULL, 203, NULL, NULL, NULL, NULL, NULL, NULL, NULL);
INSERT INTO `t_car` VALUES (417, '北汽幻速H6', NULL, 203, NULL, NULL, NULL, NULL, NULL, NULL, NULL);
INSERT INTO `t_car` VALUES (418, '北汽幻速H5', NULL, 203, NULL, NULL, NULL, NULL, NULL, NULL, NULL);
INSERT INTO `t_car` VALUES (419, 'EC系列', NULL, 208, NULL, NULL, NULL, NULL, NULL, NULL, NULL);
INSERT INTO `t_car` VALUES (420, 'EV系列', NULL, 208, NULL, NULL, NULL, NULL, NULL, NULL, NULL);
INSERT INTO `t_car` VALUES (421, 'EU系列', NULL, 208, NULL, NULL, NULL, NULL, NULL, NULL, NULL);
INSERT INTO `t_car` VALUES (422, 'EH系列', NULL, 208, NULL, NULL, NULL, NULL, NULL, NULL, NULL);
INSERT INTO `t_car` VALUES (423, 'EX系列', NULL, 208, NULL, NULL, NULL, NULL, NULL, NULL, NULL);
INSERT INTO `t_car` VALUES (424, '北汽新能源C90EV', NULL, 208, NULL, NULL, NULL, NULL, NULL, NULL, NULL);
INSERT INTO `t_car` VALUES (425, '北汽新能源ES210', NULL, 208, NULL, NULL, NULL, NULL, NULL, NULL, NULL);
INSERT INTO `t_car` VALUES (426, '绅宝D20', NULL, 173, NULL, NULL, NULL, NULL, NULL, NULL, NULL);
INSERT INTO `t_car` VALUES (427, '绅宝CC', NULL, 173, NULL, NULL, NULL, NULL, NULL, NULL, NULL);
INSERT INTO `t_car` VALUES (428, '绅宝D50', NULL, 173, NULL, NULL, NULL, NULL, NULL, NULL, NULL);
INSERT INTO `t_car` VALUES (429, '绅宝D70', NULL, 173, NULL, NULL, NULL, NULL, NULL, NULL, NULL);
INSERT INTO `t_car` VALUES (430, '绅宝D80', NULL, 173, NULL, NULL, NULL, NULL, NULL, NULL, NULL);
INSERT INTO `t_car` VALUES (431, '绅宝X25', NULL, 173, NULL, NULL, NULL, NULL, NULL, NULL, NULL);
INSERT INTO `t_car` VALUES (432, '绅宝X35', NULL, 173, NULL, NULL, NULL, NULL, NULL, NULL, NULL);
INSERT INTO `t_car` VALUES (433, '绅宝X55', NULL, 173, NULL, NULL, NULL, NULL, NULL, NULL, NULL);
INSERT INTO `t_car` VALUES (434, '绅宝X65', NULL, 173, NULL, NULL, NULL, NULL, NULL, NULL, NULL);
INSERT INTO `t_car` VALUES (435, '绅宝D60', NULL, 173, NULL, NULL, NULL, NULL, NULL, NULL, NULL);
INSERT INTO `t_car` VALUES (436, '慕尚', NULL, 39, NULL, NULL, NULL, NULL, NULL, NULL, NULL);
INSERT INTO `t_car` VALUES (437, '飞驰', NULL, 39, NULL, NULL, NULL, NULL, NULL, NULL, NULL);
INSERT INTO `t_car` VALUES (438, '添越', NULL, 39, NULL, NULL, NULL, NULL, NULL, NULL, NULL);
INSERT INTO `t_car` VALUES (439, '欧陆', NULL, 39, NULL, NULL, NULL, NULL, NULL, NULL, NULL);
INSERT INTO `t_car` VALUES (440, 'EXP 10 Speed 6', NULL, 39, NULL, NULL, NULL, NULL, NULL, NULL, NULL);
INSERT INTO `t_car` VALUES (441, 'EXP 12 Speed 6e', NULL, 39, NULL, NULL, NULL, NULL, NULL, NULL, NULL);
INSERT INTO `t_car` VALUES (442, 'Grand Convertible', NULL, 39, NULL, NULL, NULL, NULL, NULL, NULL, NULL);
INSERT INTO `t_car` VALUES (443, 'Brooklands', NULL, 39, NULL, NULL, NULL, NULL, NULL, NULL, NULL);
INSERT INTO `t_car` VALUES (444, '雅骏', NULL, 39, NULL, NULL, NULL, NULL, NULL, NULL, NULL);
INSERT INTO `t_car` VALUES (445, '雅致', NULL, 39, NULL, NULL, NULL, NULL, NULL, NULL, NULL);
INSERT INTO `t_car` VALUES (446, '宝沃BX5', NULL, 231, NULL, NULL, NULL, NULL, NULL, NULL, NULL);
INSERT INTO `t_car` VALUES (447, '宝沃BX7', NULL, 231, NULL, NULL, NULL, NULL, NULL, NULL, NULL);
INSERT INTO `t_car` VALUES (448, '宝沃BX6 TS', NULL, 231, NULL, NULL, NULL, NULL, NULL, NULL, NULL);
INSERT INTO `t_car` VALUES (449, '宝沃BXi7', NULL, 231, NULL, NULL, NULL, NULL, NULL, NULL, NULL);
INSERT INTO `t_car` VALUES (450, 'Isabella', NULL, 231, NULL, NULL, NULL, NULL, NULL, NULL, NULL);
INSERT INTO `t_car` VALUES (451, '巴博斯 smart fortwo', NULL, 140, NULL, NULL, NULL, NULL, NULL, NULL, NULL);
INSERT INTO `t_car` VALUES (452, '巴博斯 SLK级', NULL, 140, NULL, NULL, NULL, NULL, NULL, NULL, NULL);
INSERT INTO `t_car` VALUES (453, '巴博斯 CLS级', NULL, 140, NULL, NULL, NULL, NULL, NULL, NULL, NULL);
INSERT INTO `t_car` VALUES (454, '巴博斯 E级', NULL, 140, NULL, NULL, NULL, NULL, NULL, NULL, NULL);
INSERT INTO `t_car` VALUES (455, '巴博斯 S级', NULL, 140, NULL, NULL, NULL, NULL, NULL, NULL, NULL);
INSERT INTO `t_car` VALUES (456, '巴博斯 G级', NULL, 140, NULL, NULL, NULL, NULL, NULL, NULL, NULL);
INSERT INTO `t_car` VALUES (457, '巴博斯 M级', NULL, 140, NULL, NULL, NULL, NULL, NULL, NULL, NULL);
INSERT INTO `t_car` VALUES (458, '巴博斯 GL级', NULL, 140, NULL, NULL, NULL, NULL, NULL, NULL, NULL);
INSERT INTO `t_car` VALUES (459, '巴博斯 SLS级', NULL, 140, NULL, NULL, NULL, NULL, NULL, NULL, NULL);
INSERT INTO `t_car` VALUES (460, '巴博斯 SL级', NULL, 140, NULL, NULL, NULL, NULL, NULL, NULL, NULL);
INSERT INTO `t_car` VALUES (461, '比速T3', NULL, 271, NULL, NULL, NULL, NULL, NULL, NULL, NULL);
INSERT INTO `t_car` VALUES (462, '比速T5', NULL, 271, NULL, NULL, NULL, NULL, NULL, NULL, NULL);
INSERT INTO `t_car` VALUES (463, '比速M3', NULL, 271, NULL, NULL, NULL, NULL, NULL, NULL, NULL);
INSERT INTO `t_car` VALUES (464, 'Chiron', NULL, 37, NULL, NULL, NULL, NULL, NULL, NULL, NULL);
INSERT INTO `t_car` VALUES (465, 'Vision GT', NULL, 37, NULL, NULL, NULL, NULL, NULL, NULL, NULL);
INSERT INTO `t_car` VALUES (466, '威航', NULL, 37, NULL, NULL, NULL, NULL, NULL, NULL, NULL);
INSERT INTO `t_car` VALUES (467, 'Galibier', NULL, 37, NULL, NULL, NULL, NULL, NULL, NULL, NULL);
INSERT INTO `t_car` VALUES (468, '道达V8', NULL, 301, NULL, NULL, NULL, NULL, NULL, NULL, NULL);
INSERT INTO `t_car` VALUES (469, '奔奔', NULL, 76, NULL, NULL, NULL, NULL, NULL, NULL, NULL);
INSERT INTO `t_car` VALUES (470, '奔奔EV', NULL, 76, NULL, NULL, NULL, NULL, NULL, NULL, NULL);
INSERT INTO `t_car` VALUES (471, '长安CX20', NULL, 76, NULL, NULL, NULL, NULL, NULL, NULL, NULL);
INSERT INTO `t_car` VALUES (472, '悦翔V5', NULL, 76, NULL, NULL, NULL, NULL, NULL, NULL, NULL);
INSERT INTO `t_car` VALUES (473, '悦翔V3', NULL, 76, NULL, NULL, NULL, NULL, NULL, NULL, NULL);
INSERT INTO `t_car` VALUES (474, '逸动', NULL, 76, NULL, NULL, NULL, NULL, NULL, NULL, NULL);
INSERT INTO `t_car` VALUES (475, '逸动新能源', NULL, 76, NULL, NULL, NULL, NULL, NULL, NULL, NULL);
INSERT INTO `t_car` VALUES (476, '悦翔V7', NULL, 76, NULL, NULL, NULL, NULL, NULL, NULL, NULL);
INSERT INTO `t_car` VALUES (477, '睿骋', NULL, 76, NULL, NULL, NULL, NULL, NULL, NULL, NULL);
INSERT INTO `t_car` VALUES (478, '长安CS15', NULL, 76, NULL, NULL, NULL, NULL, NULL, NULL, NULL);
INSERT INTO `t_car` VALUES (479, '长安CS35', NULL, 76, NULL, NULL, NULL, NULL, NULL, NULL, NULL);
INSERT INTO `t_car` VALUES (480, '长安CS55', NULL, 76, NULL, NULL, NULL, NULL, NULL, NULL, NULL);
INSERT INTO `t_car` VALUES (481, '长安CS75', NULL, 76, NULL, NULL, NULL, NULL, NULL, NULL, NULL);
INSERT INTO `t_car` VALUES (482, '长安CS95', NULL, 76, NULL, NULL, NULL, NULL, NULL, NULL, NULL);
INSERT INTO `t_car` VALUES (483, '凌轩', NULL, 76, NULL, NULL, NULL, NULL, NULL, NULL, NULL);
INSERT INTO `t_car` VALUES (484, '长安E30', NULL, 76, NULL, NULL, NULL, NULL, NULL, NULL, NULL);
INSERT INTO `t_car` VALUES (485, '睿骋CC', NULL, 76, NULL, NULL, NULL, NULL, NULL, NULL, NULL);
INSERT INTO `t_car` VALUES (486, '长安VOSS', NULL, 76, NULL, NULL, NULL, NULL, NULL, NULL, NULL);
INSERT INTO `t_car` VALUES (487, '奔奔i', NULL, 76, NULL, NULL, NULL, NULL, NULL, NULL, NULL);
INSERT INTO `t_car` VALUES (488, '奔奔LOVE', NULL, 76, NULL, NULL, NULL, NULL, NULL, NULL, NULL);
INSERT INTO `t_car` VALUES (489, '奔奔MINI', NULL, 76, NULL, NULL, NULL, NULL, NULL, NULL, NULL);
INSERT INTO `t_car` VALUES (490, '悦翔', NULL, 76, NULL, NULL, NULL, NULL, NULL, NULL, NULL);
INSERT INTO `t_car` VALUES (491, '长安CX30', NULL, 76, NULL, NULL, NULL, NULL, NULL, NULL, NULL);
INSERT INTO `t_car` VALUES (492, '志翔', NULL, 76, NULL, NULL, NULL, NULL, NULL, NULL, NULL);
INSERT INTO `t_car` VALUES (493, '杰勋', NULL, 76, NULL, NULL, NULL, NULL, NULL, NULL, NULL);
INSERT INTO `t_car` VALUES (494, '长城C30', NULL, 77, NULL, NULL, NULL, NULL, NULL, NULL, NULL);
INSERT INTO `t_car` VALUES (495, '风骏5', NULL, 77, NULL, NULL, NULL, NULL, NULL, NULL, NULL);
INSERT INTO `t_car` VALUES (496, '风骏6', NULL, 77, NULL, NULL, NULL, NULL, NULL, NULL, NULL);
INSERT INTO `t_car` VALUES (497, '欧拉', NULL, 77, NULL, NULL, NULL, NULL, NULL, NULL, NULL);
INSERT INTO `t_car` VALUES (498, '长城C70', NULL, 77, NULL, NULL, NULL, NULL, NULL, NULL, NULL);
INSERT INTO `t_car` VALUES (499, '风骏3', NULL, 77, NULL, NULL, NULL, NULL, NULL, NULL, NULL);
INSERT INTO `t_car` VALUES (500, '长城精灵', NULL, 77, NULL, NULL, NULL, NULL, NULL, NULL, NULL);
INSERT INTO `t_car` VALUES (501, '长城C20R', NULL, 77, NULL, NULL, NULL, NULL, NULL, NULL, NULL);
INSERT INTO `t_car` VALUES (502, '长城M2', NULL, 77, NULL, NULL, NULL, NULL, NULL, NULL, NULL);
INSERT INTO `t_car` VALUES (503, '酷熊', NULL, 77, NULL, NULL, NULL, NULL, NULL, NULL, NULL);
INSERT INTO `t_car` VALUES (504, '凌傲', NULL, 77, NULL, NULL, NULL, NULL, NULL, NULL, NULL);
INSERT INTO `t_car` VALUES (505, '炫丽', NULL, 77, NULL, NULL, NULL, NULL, NULL, NULL, NULL);
INSERT INTO `t_car` VALUES (506, '长城C50', NULL, 77, NULL, NULL, NULL, NULL, NULL, NULL, NULL);
INSERT INTO `t_car` VALUES (507, '长城M1', NULL, 77, NULL, NULL, NULL, NULL, NULL, NULL, NULL);
INSERT INTO `t_car` VALUES (508, '长城M4', NULL, 77, NULL, NULL, NULL, NULL, NULL, NULL, NULL);
INSERT INTO `t_car` VALUES (509, '赛弗', NULL, 77, NULL, NULL, NULL, NULL, NULL, NULL, NULL);
INSERT INTO `t_car` VALUES (510, '赛影', NULL, 77, NULL, NULL, NULL, NULL, NULL, NULL, NULL);
INSERT INTO `t_car` VALUES (511, '长城V80', NULL, 77, NULL, NULL, NULL, NULL, NULL, NULL, NULL);
INSERT INTO `t_car` VALUES (512, '嘉誉', NULL, 77, NULL, NULL, NULL, NULL, NULL, NULL, NULL);
INSERT INTO `t_car` VALUES (513, '金迪尔', NULL, 77, NULL, NULL, NULL, NULL, NULL, NULL, NULL);
INSERT INTO `t_car` VALUES (514, '欧力威', NULL, 163, NULL, NULL, NULL, NULL, NULL, NULL, NULL);
INSERT INTO `t_car` VALUES (515, '长安CX70', NULL, 163, NULL, NULL, NULL, NULL, NULL, NULL, NULL);
INSERT INTO `t_car` VALUES (516, '欧尚', NULL, 163, NULL, NULL, NULL, NULL, NULL, NULL, NULL);
INSERT INTO `t_car` VALUES (517, '欧尚A800', NULL, 163, NULL, NULL, NULL, NULL, NULL, NULL, NULL);
INSERT INTO `t_car` VALUES (518, '长安之星', NULL, 163, NULL, NULL, NULL, NULL, NULL, NULL, NULL);
INSERT INTO `t_car` VALUES (519, '长安之星2', NULL, 163, NULL, NULL, NULL, NULL, NULL, NULL, NULL);
INSERT INTO `t_car` VALUES (520, '长安之星3', NULL, 163, NULL, NULL, NULL, NULL, NULL, NULL, NULL);
INSERT INTO `t_car` VALUES (521, '长安之星7', NULL, 163, NULL, NULL, NULL, NULL, NULL, NULL, NULL);
INSERT INTO `t_car` VALUES (522, '长安之星9', NULL, 163, NULL, NULL, NULL, NULL, NULL, NULL, NULL);
INSERT INTO `t_car` VALUES (523, '欧诺', NULL, 163, NULL, NULL, NULL, NULL, NULL, NULL, NULL);
INSERT INTO `t_car` VALUES (524, '长安星卡', NULL, 163, NULL, NULL, NULL, NULL, NULL, NULL, NULL);
INSERT INTO `t_car` VALUES (525, '金牛星', NULL, 163, NULL, NULL, NULL, NULL, NULL, NULL, NULL);
INSERT INTO `t_car` VALUES (526, '长安之星S460', NULL, 163, NULL, NULL, NULL, NULL, NULL, NULL, NULL);
INSERT INTO `t_car` VALUES (527, '昌河Q25', NULL, 79, NULL, NULL, NULL, NULL, NULL, NULL, NULL);
INSERT INTO `t_car` VALUES (528, '昌河Q35', NULL, 79, NULL, NULL, NULL, NULL, NULL, NULL, NULL);
INSERT INTO `t_car` VALUES (529, '昌河M70', NULL, 79, NULL, NULL, NULL, NULL, NULL, NULL, NULL);
INSERT INTO `t_car` VALUES (530, '福瑞达', NULL, 79, NULL, NULL, NULL, NULL, NULL, NULL, NULL);
INSERT INTO `t_car` VALUES (531, '昌河M50', NULL, 79, NULL, NULL, NULL, NULL, NULL, NULL, NULL);
INSERT INTO `t_car` VALUES (532, '福瑞达K22', NULL, 79, NULL, NULL, NULL, NULL, NULL, NULL, NULL);
INSERT INTO `t_car` VALUES (533, '爱迪尔', NULL, 79, NULL, NULL, NULL, NULL, NULL, NULL, NULL);
INSERT INTO `t_car` VALUES (534, '睿行S50', NULL, 294, NULL, NULL, NULL, NULL, NULL, NULL, NULL);
INSERT INTO `t_car` VALUES (535, '神骐T20', NULL, 294, NULL, NULL, NULL, NULL, NULL, NULL, NULL);
INSERT INTO `t_car` VALUES (536, '睿行M70', NULL, 294, NULL, NULL, NULL, NULL, NULL, NULL, NULL);
INSERT INTO `t_car` VALUES (537, '睿行M80', NULL, 294, NULL, NULL, NULL, NULL, NULL, NULL, NULL);
INSERT INTO `t_car` VALUES (538, '睿行M90', NULL, 294, NULL, NULL, NULL, NULL, NULL, NULL, NULL);
INSERT INTO `t_car` VALUES (539, '神骐F30', NULL, 294, NULL, NULL, NULL, NULL, NULL, NULL, NULL);
INSERT INTO `t_car` VALUES (540, '睿行S50T', NULL, 294, NULL, NULL, NULL, NULL, NULL, NULL, NULL);
INSERT INTO `t_car` VALUES (541, '长安星光4500', NULL, 294, NULL, NULL, NULL, NULL, NULL, NULL, NULL);
INSERT INTO `t_car` VALUES (542, '尊行', NULL, 294, NULL, NULL, NULL, NULL, NULL, NULL, NULL);
INSERT INTO `t_car` VALUES (543, '神骐F50', NULL, 294, NULL, NULL, NULL, NULL, NULL, NULL, NULL);
INSERT INTO `t_car` VALUES (544, '长安V3', NULL, 299, NULL, NULL, NULL, NULL, NULL, NULL, NULL);
INSERT INTO `t_car` VALUES (545, '长安V5', NULL, 299, NULL, NULL, NULL, NULL, NULL, NULL, NULL);
INSERT INTO `t_car` VALUES (546, '跨越王', NULL, 299, NULL, NULL, NULL, NULL, NULL, NULL, NULL);
INSERT INTO `t_car` VALUES (547, '新豹MINI', NULL, 299, NULL, NULL, NULL, NULL, NULL, NULL, NULL);
INSERT INTO `t_car` VALUES (548, '成功V1', NULL, 196, NULL, NULL, NULL, NULL, NULL, NULL, NULL);
INSERT INTO `t_car` VALUES (549, '成功V2', NULL, 196, NULL, NULL, NULL, NULL, NULL, NULL, NULL);
INSERT INTO `t_car` VALUES (550, '成功X1', NULL, 196, NULL, NULL, NULL, NULL, NULL, NULL, NULL);
INSERT INTO `t_car` VALUES (551, 'Seven', NULL, 189, NULL, NULL, NULL, NULL, NULL, NULL, NULL);
INSERT INTO `t_car` VALUES (552, '逸酷', NULL, 264, NULL, NULL, NULL, NULL, NULL, NULL, NULL);
INSERT INTO `t_car` VALUES (553, '奕阁', NULL, 264, NULL, NULL, NULL, NULL, NULL, NULL, NULL);
INSERT INTO `t_car` VALUES (554, 'POLO', NULL, 1, NULL, NULL, NULL, NULL, NULL, NULL, NULL);
INSERT INTO `t_car` VALUES (555, '桑塔纳', NULL, 1, NULL, NULL, NULL, NULL, NULL, NULL, NULL);
INSERT INTO `t_car` VALUES (556, '朗行', NULL, 1, NULL, NULL, NULL, NULL, NULL, NULL, NULL);
INSERT INTO `t_car` VALUES (557, '朗逸', 1, 1, '2018', NULL, 237.00, 1, 0, 'true', 1);
INSERT INTO `t_car` VALUES (558, '朗境', NULL, 1, NULL, NULL, NULL, NULL, NULL, NULL, NULL);
INSERT INTO `t_car` VALUES (559, '凌渡', NULL, 1, NULL, NULL, NULL, NULL, NULL, NULL, NULL);
INSERT INTO `t_car` VALUES (560, '帕萨特', 2, 1, '2014', NULL, 387.00, 1, 0, 'true', 2);
INSERT INTO `t_car` VALUES (561, '辉昂', NULL, 1, NULL, NULL, NULL, NULL, NULL, NULL, NULL);
INSERT INTO `t_car` VALUES (562, '途观', 5, 1, '2012', NULL, 409.00, 1, 0, 'true', 2);
INSERT INTO `t_car` VALUES (563, '途观L', NULL, 1, NULL, NULL, NULL, NULL, NULL, NULL, NULL);
INSERT INTO `t_car` VALUES (564, '途昂', NULL, 1, NULL, NULL, NULL, NULL, NULL, NULL, NULL);
INSERT INTO `t_car` VALUES (565, '途安', NULL, 1, NULL, NULL, NULL, NULL, NULL, NULL, NULL);
INSERT INTO `t_car` VALUES (566, '高尔', NULL, 1, NULL, NULL, NULL, NULL, NULL, NULL, NULL);
INSERT INTO `t_car` VALUES (567, 'Passat领驭', NULL, 1, NULL, NULL, NULL, NULL, NULL, NULL, NULL);
INSERT INTO `t_car` VALUES (568, '桑塔纳经典', NULL, 1, NULL, NULL, NULL, NULL, NULL, NULL, NULL);
INSERT INTO `t_car` VALUES (569, '桑塔纳志俊', NULL, 1, NULL, NULL, NULL, NULL, NULL, NULL, NULL);
INSERT INTO `t_car` VALUES (570, '捷达', NULL, 1, NULL, NULL, NULL, NULL, NULL, NULL, NULL);
INSERT INTO `t_car` VALUES (571, '宝来', NULL, 1, NULL, NULL, NULL, NULL, NULL, NULL, NULL);
INSERT INTO `t_car` VALUES (572, '高尔夫', 2, 1, '2010', NULL, 300.00, 1, 0, 'true', 1);
INSERT INTO `t_car` VALUES (573, '速腾', NULL, 1, NULL, NULL, NULL, NULL, NULL, NULL, NULL);
INSERT INTO `t_car` VALUES (574, '高尔夫·嘉旅', NULL, 1, NULL, NULL, NULL, NULL, NULL, NULL, NULL);
INSERT INTO `t_car` VALUES (575, '蔚领', NULL, 1, NULL, NULL, NULL, NULL, NULL, NULL, NULL);
INSERT INTO `t_car` VALUES (576, '迈腾', NULL, 1, NULL, NULL, NULL, NULL, NULL, NULL, NULL);
INSERT INTO `t_car` VALUES (577, '一汽-大众CC', NULL, 1, NULL, NULL, NULL, NULL, NULL, NULL, NULL);
INSERT INTO `t_car` VALUES (578, '宝来/宝来经典', NULL, 1, NULL, NULL, NULL, NULL, NULL, NULL, NULL);
INSERT INTO `t_car` VALUES (579, '开迪', NULL, 1, NULL, NULL, NULL, NULL, NULL, NULL, NULL);
INSERT INTO `t_car` VALUES (580, '甲壳虫', NULL, 1, NULL, NULL, NULL, NULL, NULL, NULL, NULL);
INSERT INTO `t_car` VALUES (581, '高尔夫(进口)', NULL, 1, NULL, NULL, NULL, NULL, NULL, NULL, NULL);
INSERT INTO `t_car` VALUES (582, '高尔夫(进口)新能源', NULL, 1, NULL, NULL, NULL, NULL, NULL, NULL, NULL);
INSERT INTO `t_car` VALUES (583, '蔚揽', NULL, 1, NULL, NULL, NULL, NULL, NULL, NULL, NULL);
INSERT INTO `t_car` VALUES (584, 'Tiguan', NULL, 1, NULL, NULL, NULL, NULL, NULL, NULL, NULL);
INSERT INTO `t_car` VALUES (585, '途锐', NULL, 1, NULL, NULL, NULL, NULL, NULL, NULL, NULL);
INSERT INTO `t_car` VALUES (586, '夏朗', NULL, 1, NULL, NULL, NULL, NULL, NULL, NULL, NULL);
INSERT INTO `t_car` VALUES (587, '迈特威', NULL, 1, NULL, NULL, NULL, NULL, NULL, NULL, NULL);
INSERT INTO `t_car` VALUES (588, '凯路威', NULL, 1, NULL, NULL, NULL, NULL, NULL, NULL, NULL);
INSERT INTO `t_car` VALUES (589, '尚酷', NULL, 1, NULL, NULL, NULL, NULL, NULL, NULL, NULL);
INSERT INTO `t_car` VALUES (590, '辉腾', NULL, 1, NULL, NULL, NULL, NULL, NULL, NULL, NULL);
INSERT INTO `t_car` VALUES (591, '大众Fox', NULL, 1, NULL, NULL, NULL, NULL, NULL, NULL, NULL);
INSERT INTO `t_car` VALUES (592, '大众up!', NULL, 1, NULL, NULL, NULL, NULL, NULL, NULL, NULL);
INSERT INTO `t_car` VALUES (593, 'Nils', NULL, 1, NULL, NULL, NULL, NULL, NULL, NULL, NULL);
INSERT INTO `t_car` VALUES (594, 'POLO(海外)', NULL, 1, NULL, NULL, NULL, NULL, NULL, NULL, NULL);
INSERT INTO `t_car` VALUES (595, '大众XL1', NULL, 1, NULL, NULL, NULL, NULL, NULL, NULL, NULL);
INSERT INTO `t_car` VALUES (596, '高尔(海外)', NULL, 1, NULL, NULL, NULL, NULL, NULL, NULL, NULL);
INSERT INTO `t_car` VALUES (597, 'Jetta', NULL, 1, NULL, NULL, NULL, NULL, NULL, NULL, NULL);
INSERT INTO `t_car` VALUES (598, '大众I.D.', NULL, 1, NULL, NULL, NULL, NULL, NULL, NULL, NULL);
INSERT INTO `t_car` VALUES (599, 'Arteon', NULL, 1, NULL, NULL, NULL, NULL, NULL, NULL, NULL);
INSERT INTO `t_car` VALUES (600, 'Passat', NULL, 1, NULL, NULL, NULL, NULL, NULL, NULL, NULL);
INSERT INTO `t_car` VALUES (601, 'Sport Coupe', NULL, 1, NULL, NULL, NULL, NULL, NULL, NULL, NULL);
INSERT INTO `t_car` VALUES (602, '大众CC', NULL, 1, NULL, NULL, NULL, NULL, NULL, NULL, NULL);
INSERT INTO `t_car` VALUES (603, 'C Coupe', NULL, 1, NULL, NULL, NULL, NULL, NULL, NULL, NULL);
INSERT INTO `t_car` VALUES (604, 'Buggy Up', NULL, 1, NULL, NULL, NULL, NULL, NULL, NULL, NULL);
INSERT INTO `t_car` VALUES (605, 'Taigun', NULL, 1, NULL, NULL, NULL, NULL, NULL, NULL, NULL);
INSERT INTO `t_car` VALUES (606, 'T-Cross', NULL, 1, NULL, NULL, NULL, NULL, NULL, NULL, NULL);
INSERT INTO `t_car` VALUES (607, 'I.D. Crozz', NULL, 1, NULL, NULL, NULL, NULL, NULL, NULL, NULL);
INSERT INTO `t_car` VALUES (608, 'T-ROC', NULL, 1, NULL, NULL, NULL, NULL, NULL, NULL, NULL);
INSERT INTO `t_car` VALUES (609, 'CrossBlue', NULL, 1, NULL, NULL, NULL, NULL, NULL, NULL, NULL);
INSERT INTO `t_car` VALUES (610, 'Tiguan Allspace', NULL, 1, NULL, NULL, NULL, NULL, NULL, NULL, NULL);
INSERT INTO `t_car` VALUES (611, 'Cross Coupe', NULL, 1, NULL, NULL, NULL, NULL, NULL, NULL, NULL);
INSERT INTO `t_car` VALUES (612, 'T-Prime', NULL, 1, NULL, NULL, NULL, NULL, NULL, NULL, NULL);
INSERT INTO `t_car` VALUES (613, '大众Atlas', NULL, 1, NULL, NULL, NULL, NULL, NULL, NULL, NULL);
INSERT INTO `t_car` VALUES (614, 'BUDD-e', NULL, 1, NULL, NULL, NULL, NULL, NULL, NULL, NULL);
INSERT INTO `t_car` VALUES (615, 'Bulli', NULL, 1, NULL, NULL, NULL, NULL, NULL, NULL, NULL);
INSERT INTO `t_car` VALUES (616, 'e-Co-Motion', NULL, 1, NULL, NULL, NULL, NULL, NULL, NULL, NULL);
INSERT INTO `t_car` VALUES (617, 'Sedric Concept', NULL, 1, NULL, NULL, NULL, NULL, NULL, NULL, NULL);
INSERT INTO `t_car` VALUES (618, '大众I.D. Buzz', NULL, 1, NULL, NULL, NULL, NULL, NULL, NULL, NULL);
INSERT INTO `t_car` VALUES (619, '开迪(海外)', NULL, 1, NULL, NULL, NULL, NULL, NULL, NULL, NULL);
INSERT INTO `t_car` VALUES (620, '途安(海外)', NULL, 1, NULL, NULL, NULL, NULL, NULL, NULL, NULL);
INSERT INTO `t_car` VALUES (621, '大众Eos', NULL, 1, NULL, NULL, NULL, NULL, NULL, NULL, NULL);
INSERT INTO `t_car` VALUES (622, '大众XL', NULL, 1, NULL, NULL, NULL, NULL, NULL, NULL, NULL);
INSERT INTO `t_car` VALUES (623, 'Amarok', NULL, 1, NULL, NULL, NULL, NULL, NULL, NULL, NULL);
INSERT INTO `t_car` VALUES (624, 'Tristar', NULL, 1, NULL, NULL, NULL, NULL, NULL, NULL, NULL);
INSERT INTO `t_car` VALUES (625, '大众e-up!', NULL, 1, NULL, NULL, NULL, NULL, NULL, NULL, NULL);
INSERT INTO `t_car` VALUES (626, '迈腾(进口)', NULL, 1, NULL, NULL, NULL, NULL, NULL, NULL, NULL);
INSERT INTO `t_car` VALUES (627, 'Routan', NULL, 1, NULL, NULL, NULL, NULL, NULL, NULL, NULL);
INSERT INTO `t_car` VALUES (628, 'BlueSport', NULL, 1, NULL, NULL, NULL, NULL, NULL, NULL, NULL);
INSERT INTO `t_car` VALUES (629, '御风', NULL, 32, NULL, NULL, NULL, NULL, NULL, NULL, NULL);
INSERT INTO `t_car` VALUES (630, '御风EV', NULL, 32, NULL, NULL, NULL, NULL, NULL, NULL, NULL);
INSERT INTO `t_car` VALUES (631, '御风P16', NULL, 32, NULL, NULL, NULL, NULL, NULL, NULL, NULL);
INSERT INTO `t_car` VALUES (632, '东风HUV', NULL, 32, NULL, NULL, NULL, NULL, NULL, NULL, NULL);
INSERT INTO `t_car` VALUES (633, '猛士', NULL, 32, NULL, NULL, NULL, NULL, NULL, NULL, NULL);
INSERT INTO `t_car` VALUES (634, '俊风CV03', NULL, 32, NULL, NULL, NULL, NULL, NULL, NULL, NULL);
INSERT INTO `t_car` VALUES (635, '帅客', NULL, 32, NULL, NULL, NULL, NULL, NULL, NULL, NULL);
INSERT INTO `t_car` VALUES (636, '俊风', NULL, 32, NULL, NULL, NULL, NULL, NULL, NULL, NULL);
INSERT INTO `t_car` VALUES (637, '锐骐多功能车', NULL, 32, NULL, NULL, NULL, NULL, NULL, NULL, NULL);
INSERT INTO `t_car` VALUES (638, '锐骐皮卡', NULL, 32, NULL, NULL, NULL, NULL, NULL, NULL, NULL);
INSERT INTO `t_car` VALUES (639, '奥丁', NULL, 32, NULL, NULL, NULL, NULL, NULL, NULL, NULL);
INSERT INTO `t_car` VALUES (640, '御轩', NULL, 32, NULL, NULL, NULL, NULL, NULL, NULL, NULL);
INSERT INTO `t_car` VALUES (641, '景逸S50', NULL, 165, NULL, NULL, NULL, NULL, NULL, NULL, NULL);
INSERT INTO `t_car` VALUES (642, '风行SX6', NULL, 165, NULL, NULL, NULL, NULL, NULL, NULL, NULL);
INSERT INTO `t_car` VALUES (643, '景逸X3', NULL, 165, NULL, NULL, NULL, NULL, NULL, NULL, NULL);
INSERT INTO `t_car` VALUES (644, '景逸X5', NULL, 165, NULL, NULL, NULL, NULL, NULL, NULL, NULL);
INSERT INTO `t_car` VALUES (645, '景逸X6', NULL, 165, NULL, NULL, NULL, NULL, NULL, NULL, NULL);
INSERT INTO `t_car` VALUES (646, '景逸XV', NULL, 165, NULL, NULL, NULL, NULL, NULL, NULL, NULL);
INSERT INTO `t_car` VALUES (647, '风行CM7', NULL, 165, NULL, NULL, NULL, NULL, NULL, NULL, NULL);
INSERT INTO `t_car` VALUES (648, '风行F600', NULL, 165, NULL, NULL, NULL, NULL, NULL, NULL, NULL);
INSERT INTO `t_car` VALUES (649, '风行S500', NULL, 165, NULL, NULL, NULL, NULL, NULL, NULL, NULL);
INSERT INTO `t_car` VALUES (650, '菱智', NULL, 165, NULL, NULL, NULL, NULL, NULL, NULL, NULL);
INSERT INTO `t_car` VALUES (651, '景逸', NULL, 165, NULL, NULL, NULL, NULL, NULL, NULL, NULL);
INSERT INTO `t_car` VALUES (652, '景逸SUV', NULL, 165, NULL, NULL, NULL, NULL, NULL, NULL, NULL);
INSERT INTO `t_car` VALUES (653, '东风风光580', NULL, 259, NULL, NULL, NULL, NULL, NULL, NULL, NULL);
INSERT INTO `t_car` VALUES (654, '东风风光360', NULL, 259, NULL, NULL, NULL, NULL, NULL, NULL, NULL);
INSERT INTO `t_car` VALUES (655, '东风风光370', NULL, 259, NULL, NULL, NULL, NULL, NULL, NULL, NULL);
INSERT INTO `t_car` VALUES (656, '东风风光330', NULL, 259, NULL, NULL, NULL, NULL, NULL, NULL, NULL);
INSERT INTO `t_car` VALUES (657, '东风风光', NULL, 259, NULL, NULL, NULL, NULL, NULL, NULL, NULL);
INSERT INTO `t_car` VALUES (658, '东风风神AX4', NULL, 113, NULL, NULL, NULL, NULL, NULL, NULL, NULL);
INSERT INTO `t_car` VALUES (659, '东风风神E30', NULL, 113, NULL, NULL, NULL, NULL, NULL, NULL, NULL);
INSERT INTO `t_car` VALUES (660, '东风风神A60', NULL, 113, NULL, NULL, NULL, NULL, NULL, NULL, NULL);
INSERT INTO `t_car` VALUES (661, '东风风神A30', NULL, 113, NULL, NULL, NULL, NULL, NULL, NULL, NULL);
INSERT INTO `t_car` VALUES (662, '东风风神L60', NULL, 113, NULL, NULL, NULL, NULL, NULL, NULL, NULL);
INSERT INTO `t_car` VALUES (663, '东风A9', NULL, 113, NULL, NULL, NULL, NULL, NULL, NULL, NULL);
INSERT INTO `t_car` VALUES (664, '东风风神AX3', NULL, 113, NULL, NULL, NULL, NULL, NULL, NULL, NULL);
INSERT INTO `t_car` VALUES (665, '东风风神AX5', NULL, 113, NULL, NULL, NULL, NULL, NULL, NULL, NULL);
INSERT INTO `t_car` VALUES (666, '东风风神AX7', NULL, 113, NULL, NULL, NULL, NULL, NULL, NULL, NULL);
INSERT INTO `t_car` VALUES (667, '东风风神E70', NULL, 113, NULL, NULL, NULL, NULL, NULL, NULL, NULL);
INSERT INTO `t_car` VALUES (668, '东风风神H30', NULL, 113, NULL, NULL, NULL, NULL, NULL, NULL, NULL);
INSERT INTO `t_car` VALUES (669, '东风风神S30', NULL, 113, NULL, NULL, NULL, NULL, NULL, NULL, NULL);
INSERT INTO `t_car` VALUES (670, 'V3菱悦', NULL, 81, NULL, NULL, NULL, NULL, NULL, NULL, NULL);
INSERT INTO `t_car` VALUES (671, 'V5菱致', NULL, 81, NULL, NULL, NULL, NULL, NULL, NULL, NULL);
INSERT INTO `t_car` VALUES (672, 'V6菱仕', NULL, 81, NULL, NULL, NULL, NULL, NULL, NULL, NULL);
INSERT INTO `t_car` VALUES (673, '东南DX3', NULL, 81, NULL, NULL, NULL, NULL, NULL, NULL, NULL);
INSERT INTO `t_car` VALUES (674, '东南DX7', NULL, 81, NULL, NULL, NULL, NULL, NULL, NULL, NULL);
INSERT INTO `t_car` VALUES (675, '东南V7', NULL, 81, NULL, NULL, NULL, NULL, NULL, NULL, NULL);
INSERT INTO `t_car` VALUES (676, '菱帅', NULL, 81, NULL, NULL, NULL, NULL, NULL, NULL, NULL);
INSERT INTO `t_car` VALUES (677, '希旺', NULL, 81, NULL, NULL, NULL, NULL, NULL, NULL, NULL);
INSERT INTO `t_car` VALUES (678, '得利卡', NULL, 81, NULL, NULL, NULL, NULL, NULL, NULL, NULL);
INSERT INTO `t_car` VALUES (679, '东风小康C35', NULL, 142, NULL, NULL, NULL, NULL, NULL, NULL, NULL);
INSERT INTO `t_car` VALUES (680, '东风小康C36', NULL, 142, NULL, NULL, NULL, NULL, NULL, NULL, NULL);
INSERT INTO `t_car` VALUES (681, '东风小康C37', NULL, 142, NULL, NULL, NULL, NULL, NULL, NULL, NULL);
INSERT INTO `t_car` VALUES (682, '东风小康K05S', NULL, 142, NULL, NULL, NULL, NULL, NULL, NULL, NULL);
INSERT INTO `t_car` VALUES (683, '东风小康K07', NULL, 142, NULL, NULL, NULL, NULL, NULL, NULL, NULL);
INSERT INTO `t_car` VALUES (684, '东风小康K07II', NULL, 142, NULL, NULL, NULL, NULL, NULL, NULL, NULL);
INSERT INTO `t_car` VALUES (685, '东风小康K07S', NULL, 142, NULL, NULL, NULL, NULL, NULL, NULL, NULL);
INSERT INTO `t_car` VALUES (686, '东风小康K17', NULL, 142, NULL, NULL, NULL, NULL, NULL, NULL, NULL);
INSERT INTO `t_car` VALUES (687, '东风小康V07S', NULL, 142, NULL, NULL, NULL, NULL, NULL, NULL, NULL);
INSERT INTO `t_car` VALUES (688, '东风小康V29', NULL, 142, NULL, NULL, NULL, NULL, NULL, NULL, NULL);
INSERT INTO `t_car` VALUES (689, '东风小康C31', NULL, 142, NULL, NULL, NULL, NULL, NULL, NULL, NULL);
INSERT INTO `t_car` VALUES (690, '东风小康C32', NULL, 142, NULL, NULL, NULL, NULL, NULL, NULL, NULL);
INSERT INTO `t_car` VALUES (691, '东风小康K01', NULL, 142, NULL, NULL, NULL, NULL, NULL, NULL, NULL);
INSERT INTO `t_car` VALUES (692, '东风小康K02', NULL, 142, NULL, NULL, NULL, NULL, NULL, NULL, NULL);
INSERT INTO `t_car` VALUES (693, '东风小康V21', NULL, 142, NULL, NULL, NULL, NULL, NULL, NULL, NULL);
INSERT INTO `t_car` VALUES (694, '东风小康V22', NULL, 142, NULL, NULL, NULL, NULL, NULL, NULL, NULL);
INSERT INTO `t_car` VALUES (695, '东风小康V27', NULL, 142, NULL, NULL, NULL, NULL, NULL, NULL, NULL);
INSERT INTO `t_car` VALUES (696, '东风小康EC36', NULL, 142, NULL, NULL, NULL, NULL, NULL, NULL, NULL);
INSERT INTO `t_car` VALUES (697, 'DS 4S', NULL, 169, NULL, NULL, NULL, NULL, NULL, NULL, NULL);
INSERT INTO `t_car` VALUES (698, 'DS 5LS', NULL, 169, NULL, NULL, NULL, NULL, NULL, NULL, NULL);
INSERT INTO `t_car` VALUES (699, 'DS 5', NULL, 169, NULL, NULL, NULL, NULL, NULL, NULL, NULL);
INSERT INTO `t_car` VALUES (700, 'DS 6', NULL, 169, NULL, NULL, NULL, NULL, NULL, NULL, NULL);
INSERT INTO `t_car` VALUES (701, 'DS 3', NULL, 169, NULL, NULL, NULL, NULL, NULL, NULL, NULL);
INSERT INTO `t_car` VALUES (702, 'DS 4', NULL, 169, NULL, NULL, NULL, NULL, NULL, NULL, NULL);
INSERT INTO `t_car` VALUES (703, '神韵', NULL, 169, NULL, NULL, NULL, NULL, NULL, NULL, NULL);
INSERT INTO `t_car` VALUES (704, 'DS 5(进口)', NULL, 169, NULL, NULL, NULL, NULL, NULL, NULL, NULL);
INSERT INTO `t_car` VALUES (705, 'DS 7', NULL, 169, NULL, NULL, NULL, NULL, NULL, NULL, NULL);
INSERT INTO `t_car` VALUES (706, 'DS Wild Rubis', NULL, 169, NULL, NULL, NULL, NULL, NULL, NULL, NULL);
INSERT INTO `t_car` VALUES (707, 'E-Tense', NULL, 169, NULL, NULL, NULL, NULL, NULL, NULL, NULL);
INSERT INTO `t_car` VALUES (708, 'DS23', NULL, 169, NULL, NULL, NULL, NULL, NULL, NULL, NULL);
INSERT INTO `t_car` VALUES (709, '东风风度MX5', NULL, 187, NULL, NULL, NULL, NULL, NULL, NULL, NULL);
INSERT INTO `t_car` VALUES (710, '东风风度MX6', NULL, 187, NULL, NULL, NULL, NULL, NULL, NULL, NULL);
INSERT INTO `t_car` VALUES (711, '东风风度MX3', NULL, 187, NULL, NULL, NULL, NULL, NULL, NULL, NULL);
INSERT INTO `t_car` VALUES (712, '凯领', NULL, 41, NULL, NULL, NULL, NULL, NULL, NULL, NULL);
INSERT INTO `t_car` VALUES (713, '酷威', NULL, 41, NULL, NULL, NULL, NULL, NULL, NULL, NULL);
INSERT INTO `t_car` VALUES (714, 'Dart', NULL, 41, NULL, NULL, NULL, NULL, NULL, NULL, NULL);
INSERT INTO `t_car` VALUES (715, '锋哲', NULL, 41, NULL, NULL, NULL, NULL, NULL, NULL, NULL);
INSERT INTO `t_car` VALUES (716, 'Charger', NULL, 41, NULL, NULL, NULL, NULL, NULL, NULL, NULL);
INSERT INTO `t_car` VALUES (717, 'Durango', NULL, 41, NULL, NULL, NULL, NULL, NULL, NULL, NULL);
INSERT INTO `t_car` VALUES (718, '凯领(海外)', NULL, 41, NULL, NULL, NULL, NULL, NULL, NULL, NULL);
INSERT INTO `t_car` VALUES (719, '挑战者', NULL, 41, NULL, NULL, NULL, NULL, NULL, NULL, NULL);
INSERT INTO `t_car` VALUES (720, '道奇Ram', NULL, 41, NULL, NULL, NULL, NULL, NULL, NULL, NULL);
INSERT INTO `t_car` VALUES (721, '酷搏', NULL, 41, NULL, NULL, NULL, NULL, NULL, NULL, NULL);
INSERT INTO `t_car` VALUES (722, 'Charger SRT', NULL, 41, NULL, NULL, NULL, NULL, NULL, NULL, NULL);
INSERT INTO `t_car` VALUES (723, 'Durango SRT', NULL, 41, NULL, NULL, NULL, NULL, NULL, NULL, NULL);
INSERT INTO `t_car` VALUES (724, '蝰蛇', NULL, 41, NULL, NULL, NULL, NULL, NULL, NULL, NULL);
INSERT INTO `t_car` VALUES (725, '挑战者 SRT', NULL, 41, NULL, NULL, NULL, NULL, NULL, NULL, NULL);
INSERT INTO `t_car` VALUES (726, 'Dacia Logan', NULL, 157, NULL, NULL, NULL, NULL, NULL, NULL, NULL);
INSERT INTO `t_car` VALUES (727, 'Dacia Sandero', NULL, 157, NULL, NULL, NULL, NULL, NULL, NULL, NULL);
INSERT INTO `t_car` VALUES (728, 'Dacia Duster', NULL, 157, NULL, NULL, NULL, NULL, NULL, NULL, NULL);
INSERT INTO `t_car` VALUES (729, 'Dacia Lodgy', NULL, 157, NULL, NULL, NULL, NULL, NULL, NULL, NULL);
INSERT INTO `t_car` VALUES (730, 'DMC-12', NULL, 198, NULL, NULL, NULL, NULL, NULL, NULL, NULL);
INSERT INTO `t_car` VALUES (731, '森雅', NULL, 92, NULL, NULL, NULL, NULL, NULL, NULL, NULL);
INSERT INTO `t_car` VALUES (732, 'YARiS L 致享', NULL, 3, NULL, NULL, NULL, NULL, NULL, NULL, NULL);
INSERT INTO `t_car` VALUES (733, 'YARiS L 致炫', NULL, 3, NULL, NULL, NULL, NULL, NULL, NULL, NULL);
INSERT INTO `t_car` VALUES (734, '雷凌', 1, 3, NULL, NULL, 237.00, 0, 0, NULL, NULL);
INSERT INTO `t_car` VALUES (735, '凯美瑞', NULL, 3, NULL, NULL, NULL, NULL, NULL, NULL, NULL);
INSERT INTO `t_car` VALUES (736, '汉兰达', NULL, 3, NULL, NULL, NULL, NULL, NULL, NULL, NULL);
INSERT INTO `t_car` VALUES (737, '逸致', NULL, 3, NULL, NULL, NULL, NULL, NULL, NULL, NULL);
INSERT INTO `t_car` VALUES (738, '雅力士', NULL, 3, NULL, NULL, NULL, NULL, NULL, NULL, NULL);
INSERT INTO `t_car` VALUES (739, '威驰', NULL, 3, NULL, NULL, NULL, NULL, NULL, NULL, NULL);
INSERT INTO `t_car` VALUES (740, '威驰FS', NULL, 3, NULL, NULL, NULL, NULL, NULL, NULL, NULL);
INSERT INTO `t_car` VALUES (741, '卡罗拉', NULL, 3, NULL, NULL, NULL, NULL, NULL, NULL, NULL);
INSERT INTO `t_car` VALUES (742, '普锐斯', NULL, 3, NULL, NULL, NULL, NULL, NULL, NULL, NULL);
INSERT INTO `t_car` VALUES (743, '锐志', NULL, 3, NULL, NULL, NULL, NULL, NULL, NULL, NULL);
INSERT INTO `t_car` VALUES (744, '皇冠', NULL, 3, NULL, NULL, NULL, NULL, NULL, NULL, NULL);
INSERT INTO `t_car` VALUES (745, 'RAV4荣放', NULL, 3, NULL, NULL, NULL, NULL, NULL, NULL, NULL);
INSERT INTO `t_car` VALUES (746, '普拉多', NULL, 3, NULL, NULL, NULL, NULL, NULL, NULL, NULL);
INSERT INTO `t_car` VALUES (747, '柯斯达', NULL, 3, NULL, NULL, NULL, NULL, NULL, NULL, NULL);
INSERT INTO `t_car` VALUES (748, '兰德酷路泽', NULL, 3, NULL, NULL, NULL, NULL, NULL, NULL, NULL);
INSERT INTO `t_car` VALUES (749, '花冠', NULL, 3, NULL, NULL, NULL, NULL, NULL, NULL, NULL);
INSERT INTO `t_car` VALUES (750, '特锐', NULL, 3, NULL, NULL, NULL, NULL, NULL, NULL, NULL);
INSERT INTO `t_car` VALUES (751, '埃尔法', NULL, 3, NULL, NULL, NULL, NULL, NULL, NULL, NULL);
INSERT INTO `t_car` VALUES (752, '普瑞维亚', NULL, 3, NULL, NULL, NULL, NULL, NULL, NULL, NULL);
INSERT INTO `t_car` VALUES (753, '丰田86', NULL, 3, NULL, NULL, NULL, NULL, NULL, NULL, NULL);
INSERT INTO `t_car` VALUES (754, 'HIACE', NULL, 3, NULL, NULL, NULL, NULL, NULL, NULL, NULL);
INSERT INTO `t_car` VALUES (755, 'Aygo', NULL, 3, NULL, NULL, NULL, NULL, NULL, NULL, NULL);
INSERT INTO `t_car` VALUES (756, 'i-Road', NULL, 3, NULL, NULL, NULL, NULL, NULL, NULL, NULL);
INSERT INTO `t_car` VALUES (757, 'KIKAI', NULL, 3, NULL, NULL, NULL, NULL, NULL, NULL, NULL);
INSERT INTO `t_car` VALUES (758, '丰田FT-EV', NULL, 3, NULL, NULL, NULL, NULL, NULL, NULL, NULL);
INSERT INTO `t_car` VALUES (759, '丰田iQ', NULL, 3, NULL, NULL, NULL, NULL, NULL, NULL, NULL);
INSERT INTO `t_car` VALUES (760, 'YARiS(海外)', NULL, 3, NULL, NULL, NULL, NULL, NULL, NULL, NULL);
INSERT INTO `t_car` VALUES (761, '威驰(海外)', NULL, 3, NULL, NULL, NULL, NULL, NULL, NULL, NULL);
INSERT INTO `t_car` VALUES (762, '悦佳', NULL, 3, NULL, NULL, NULL, NULL, NULL, NULL, NULL);
INSERT INTO `t_car` VALUES (763, 'Auris', NULL, 3, NULL, NULL, NULL, NULL, NULL, NULL, NULL);
INSERT INTO `t_car` VALUES (764, 'Matrix', NULL, 3, NULL, NULL, NULL, NULL, NULL, NULL, NULL);
INSERT INTO `t_car` VALUES (765, '丰田NS4', NULL, 3, NULL, NULL, NULL, NULL, NULL, NULL, NULL);
INSERT INTO `t_car` VALUES (766, '卡罗拉(海外)', NULL, 3, NULL, NULL, NULL, NULL, NULL, NULL, NULL);
INSERT INTO `t_car` VALUES (767, '普锐斯(海外)', NULL, 3, NULL, NULL, NULL, NULL, NULL, NULL, NULL);
INSERT INTO `t_car` VALUES (768, 'Avensis', NULL, 3, NULL, NULL, NULL, NULL, NULL, NULL, NULL);
INSERT INTO `t_car` VALUES (769, 'Mirai', NULL, 3, NULL, NULL, NULL, NULL, NULL, NULL, NULL);
INSERT INTO `t_car` VALUES (770, '丰田FCV', NULL, 3, NULL, NULL, NULL, NULL, NULL, NULL, NULL);
INSERT INTO `t_car` VALUES (771, '凯美瑞(海外)', NULL, 3, NULL, NULL, NULL, NULL, NULL, NULL, NULL);
INSERT INTO `t_car` VALUES (772, '锐志(海外)', NULL, 3, NULL, NULL, NULL, NULL, NULL, NULL, NULL);
INSERT INTO `t_car` VALUES (773, 'Avalon', NULL, 3, NULL, NULL, NULL, NULL, NULL, NULL, NULL);
INSERT INTO `t_car` VALUES (774, '皇冠(进口)', NULL, 3, NULL, NULL, NULL, NULL, NULL, NULL, NULL);
INSERT INTO `t_car` VALUES (775, '丰田C-HR', NULL, 3, NULL, NULL, NULL, NULL, NULL, NULL, NULL);
INSERT INTO `t_car` VALUES (776, '丰田RAV4(进口)', NULL, 3, NULL, NULL, NULL, NULL, NULL, NULL, NULL);
INSERT INTO `t_car` VALUES (777, 'Fortuner', NULL, 3, NULL, NULL, NULL, NULL, NULL, NULL, NULL);
INSERT INTO `t_car` VALUES (778, 'Harrier', NULL, 3, NULL, NULL, NULL, NULL, NULL, NULL, NULL);
INSERT INTO `t_car` VALUES (779, '汉兰达(进口)', NULL, 3, NULL, NULL, NULL, NULL, NULL, NULL, NULL);
INSERT INTO `t_car` VALUES (780, '4Runner', NULL, 3, NULL, NULL, NULL, NULL, NULL, NULL, NULL);
INSERT INTO `t_car` VALUES (781, '兰德酷路泽(进口)', NULL, 3, NULL, NULL, NULL, NULL, NULL, NULL, NULL);
INSERT INTO `t_car` VALUES (782, '普拉多(进口)', NULL, 3, NULL, NULL, NULL, NULL, NULL, NULL, NULL);
INSERT INTO `t_car` VALUES (783, '红杉', NULL, 3, NULL, NULL, NULL, NULL, NULL, NULL, NULL);
INSERT INTO `t_car` VALUES (784, 'Sienna', NULL, 3, NULL, NULL, NULL, NULL, NULL, NULL, NULL);
INSERT INTO `t_car` VALUES (785, 'SIENTA', NULL, 3, NULL, NULL, NULL, NULL, NULL, NULL, NULL);
INSERT INTO `t_car` VALUES (786, 'Vellfire', NULL, 3, NULL, NULL, NULL, NULL, NULL, NULL, NULL);
INSERT INTO `t_car` VALUES (787, 'Verso', NULL, 3, NULL, NULL, NULL, NULL, NULL, NULL, NULL);
INSERT INTO `t_car` VALUES (788, 'Verso-S', NULL, 3, NULL, NULL, NULL, NULL, NULL, NULL, NULL);
INSERT INTO `t_car` VALUES (789, '丰田FT-1', NULL, 3, NULL, NULL, NULL, NULL, NULL, NULL, NULL);
INSERT INTO `t_car` VALUES (790, '丰田FT-86', NULL, 3, NULL, NULL, NULL, NULL, NULL, NULL, NULL);
INSERT INTO `t_car` VALUES (791, '丰田S-FR', NULL, 3, NULL, NULL, NULL, NULL, NULL, NULL, NULL);
INSERT INTO `t_car` VALUES (792, 'PROACE', NULL, 3, NULL, NULL, NULL, NULL, NULL, NULL, NULL);
INSERT INTO `t_car` VALUES (793, '柯斯达(海外)', NULL, 3, NULL, NULL, NULL, NULL, NULL, NULL, NULL);
INSERT INTO `t_car` VALUES (794, 'Hilux', NULL, 3, NULL, NULL, NULL, NULL, NULL, NULL, NULL);
INSERT INTO `t_car` VALUES (795, 'Tacoma', NULL, 3, NULL, NULL, NULL, NULL, NULL, NULL, NULL);
INSERT INTO `t_car` VALUES (796, '坦途', NULL, 3, NULL, NULL, NULL, NULL, NULL, NULL, NULL);
INSERT INTO `t_car` VALUES (797, 'FJ 酷路泽', NULL, 3, NULL, NULL, NULL, NULL, NULL, NULL, NULL);
INSERT INTO `t_car` VALUES (798, '威飒', NULL, 3, NULL, NULL, NULL, NULL, NULL, NULL, NULL);
INSERT INTO `t_car` VALUES (799, 'WISH', NULL, 3, NULL, NULL, NULL, NULL, NULL, NULL, NULL);
INSERT INTO `t_car` VALUES (800, 'Supra', NULL, 3, NULL, NULL, NULL, NULL, NULL, NULL, NULL);
INSERT INTO `t_car` VALUES (801, '杰路驰', NULL, 3, NULL, NULL, NULL, NULL, NULL, NULL, NULL);
INSERT INTO `t_car` VALUES (802, '福克斯', NULL, 8, NULL, NULL, NULL, NULL, NULL, NULL, NULL);
INSERT INTO `t_car` VALUES (803, '福睿斯', NULL, 8, NULL, NULL, NULL, NULL, NULL, NULL, NULL);
INSERT INTO `t_car` VALUES (804, '金牛座', NULL, 8, NULL, NULL, NULL, NULL, NULL, NULL, NULL);
INSERT INTO `t_car` VALUES (805, '蒙迪欧', NULL, 8, NULL, NULL, NULL, NULL, NULL, NULL, NULL);
INSERT INTO `t_car` VALUES (806, '翼搏', NULL, 8, NULL, NULL, NULL, NULL, NULL, NULL, NULL);
INSERT INTO `t_car` VALUES (807, '翼虎', NULL, 8, NULL, NULL, NULL, NULL, NULL, NULL, NULL);
INSERT INTO `t_car` VALUES (808, '锐界', NULL, 8, NULL, NULL, NULL, NULL, NULL, NULL, NULL);
INSERT INTO `t_car` VALUES (809, '嘉年华', NULL, 8, NULL, NULL, NULL, NULL, NULL, NULL, NULL);
INSERT INTO `t_car` VALUES (810, '蒙迪欧Energi', NULL, 8, NULL, NULL, NULL, NULL, NULL, NULL, NULL);
INSERT INTO `t_car` VALUES (811, '蒙迪欧-致胜', NULL, 8, NULL, NULL, NULL, NULL, NULL, NULL, NULL);
INSERT INTO `t_car` VALUES (812, '致胜', NULL, 8, NULL, NULL, NULL, NULL, NULL, NULL, NULL);
INSERT INTO `t_car` VALUES (813, '麦柯斯', NULL, 8, NULL, NULL, NULL, NULL, NULL, NULL, NULL);
INSERT INTO `t_car` VALUES (814, '撼路者', NULL, 8, NULL, NULL, NULL, NULL, NULL, NULL, NULL);
INSERT INTO `t_car` VALUES (815, '途睿欧', NULL, 8, NULL, NULL, NULL, NULL, NULL, NULL, NULL);
INSERT INTO `t_car` VALUES (816, '全顺', NULL, 8, NULL, NULL, NULL, NULL, NULL, NULL, NULL);
INSERT INTO `t_car` VALUES (817, '新世代全顺', NULL, 8, NULL, NULL, NULL, NULL, NULL, NULL, NULL);
INSERT INTO `t_car` VALUES (818, '经典全顺', NULL, 8, NULL, NULL, NULL, NULL, NULL, NULL, NULL);
INSERT INTO `t_car` VALUES (819, 'C-MAX', NULL, 8, NULL, NULL, NULL, NULL, NULL, NULL, NULL);
INSERT INTO `t_car` VALUES (820, '福特GT', NULL, 8, NULL, NULL, NULL, NULL, NULL, NULL, NULL);
INSERT INTO `t_car` VALUES (821, '福克斯(进口)', NULL, 8, NULL, NULL, NULL, NULL, NULL, NULL, NULL);
INSERT INTO `t_car` VALUES (822, '探险者', NULL, 8, NULL, NULL, NULL, NULL, NULL, NULL, NULL);
INSERT INTO `t_car` VALUES (823, 'Mustang', NULL, 8, NULL, NULL, NULL, NULL, NULL, NULL, NULL);
INSERT INTO `t_car` VALUES (824, '福特F-150', NULL, 8, NULL, NULL, NULL, NULL, NULL, NULL, NULL);
INSERT INTO `t_car` VALUES (825, '嘉年华(进口)', NULL, 8, NULL, NULL, NULL, NULL, NULL, NULL, NULL);
INSERT INTO `t_car` VALUES (826, 'Figo', NULL, 8, NULL, NULL, NULL, NULL, NULL, NULL, NULL);
INSERT INTO `t_car` VALUES (827, '福特Ka', NULL, 8, NULL, NULL, NULL, NULL, NULL, NULL, NULL);
INSERT INTO `t_car` VALUES (828, '福睿斯(海外)', NULL, 8, NULL, NULL, NULL, NULL, NULL, NULL, NULL);
INSERT INTO `t_car` VALUES (829, 'Falcon', NULL, 8, NULL, NULL, NULL, NULL, NULL, NULL, NULL);
INSERT INTO `t_car` VALUES (830, 'Fusion', NULL, 8, NULL, NULL, NULL, NULL, NULL, NULL, NULL);
INSERT INTO `t_car` VALUES (831, '金牛座(海外)', NULL, 8, NULL, NULL, NULL, NULL, NULL, NULL, NULL);
INSERT INTO `t_car` VALUES (832, '蒙迪欧(海外)', NULL, 8, NULL, NULL, NULL, NULL, NULL, NULL, NULL);
INSERT INTO `t_car` VALUES (833, '翼搏(海外)', NULL, 8, NULL, NULL, NULL, NULL, NULL, NULL, NULL);
INSERT INTO `t_car` VALUES (834, 'Kuga', NULL, 8, NULL, NULL, NULL, NULL, NULL, NULL, NULL);
INSERT INTO `t_car` VALUES (835, '撼路者(海外)', NULL, 8, NULL, NULL, NULL, NULL, NULL, NULL, NULL);
INSERT INTO `t_car` VALUES (836, '锐界(进口)', NULL, 8, NULL, NULL, NULL, NULL, NULL, NULL, NULL);
INSERT INTO `t_car` VALUES (837, 'FLEX', NULL, 8, NULL, NULL, NULL, NULL, NULL, NULL, NULL);
INSERT INTO `t_car` VALUES (838, '征服者', NULL, 8, NULL, NULL, NULL, NULL, NULL, NULL, NULL);
INSERT INTO `t_car` VALUES (839, 'B-MAX', NULL, 8, NULL, NULL, NULL, NULL, NULL, NULL, NULL);
INSERT INTO `t_car` VALUES (840, 'Galaxy', NULL, 8, NULL, NULL, NULL, NULL, NULL, NULL, NULL);
INSERT INTO `t_car` VALUES (841, 'Grand C-MAX', NULL, 8, NULL, NULL, NULL, NULL, NULL, NULL, NULL);
INSERT INTO `t_car` VALUES (842, 'S-MAX', NULL, 8, NULL, NULL, NULL, NULL, NULL, NULL, NULL);
INSERT INTO `t_car` VALUES (843, 'Tourneo Courier', NULL, 8, NULL, NULL, NULL, NULL, NULL, NULL, NULL);
INSERT INTO `t_car` VALUES (844, 'Tourneo Custom', NULL, 8, NULL, NULL, NULL, NULL, NULL, NULL, NULL);
INSERT INTO `t_car` VALUES (845, 'Transit', NULL, 8, NULL, NULL, NULL, NULL, NULL, NULL, NULL);
INSERT INTO `t_car` VALUES (846, '福特E350', NULL, 8, NULL, NULL, NULL, NULL, NULL, NULL, NULL);
INSERT INTO `t_car` VALUES (847, 'Evos', NULL, 8, NULL, NULL, NULL, NULL, NULL, NULL, NULL);
INSERT INTO `t_car` VALUES (848, 'Ranger', NULL, 8, NULL, NULL, NULL, NULL, NULL, NULL, NULL);
INSERT INTO `t_car` VALUES (849, '福特Atlas', NULL, 8, NULL, NULL, NULL, NULL, NULL, NULL, NULL);
INSERT INTO `t_car` VALUES (850, '福特F-250', NULL, 8, NULL, NULL, NULL, NULL, NULL, NULL, NULL);
INSERT INTO `t_car` VALUES (851, '福特F-350', NULL, 8, NULL, NULL, NULL, NULL, NULL, NULL, NULL);
INSERT INTO `t_car` VALUES (852, '福特F-450', NULL, 8, NULL, NULL, NULL, NULL, NULL, NULL, NULL);
INSERT INTO `t_car` VALUES (853, '福特F-650', NULL, 8, NULL, NULL, NULL, NULL, NULL, NULL, NULL);
INSERT INTO `t_car` VALUES (854, 'Start', NULL, 8, NULL, NULL, NULL, NULL, NULL, NULL, NULL);
INSERT INTO `t_car` VALUES (855, 'Vertrek', NULL, 8, NULL, NULL, NULL, NULL, NULL, NULL, NULL);
INSERT INTO `t_car` VALUES (856, '菲翔', NULL, 11, NULL, NULL, NULL, NULL, NULL, NULL, NULL);
INSERT INTO `t_car` VALUES (857, '致悦', NULL, 11, NULL, NULL, NULL, NULL, NULL, NULL, NULL);
INSERT INTO `t_car` VALUES (858, '派朗', NULL, 11, NULL, NULL, NULL, NULL, NULL, NULL, NULL);
INSERT INTO `t_car` VALUES (859, '派力奥', NULL, 11, NULL, NULL, NULL, NULL, NULL, NULL, NULL);
INSERT INTO `t_car` VALUES (860, '西耶那', NULL, 11, NULL, NULL, NULL, NULL, NULL, NULL, NULL);
INSERT INTO `t_car` VALUES (861, '周末风', NULL, 11, NULL, NULL, NULL, NULL, NULL, NULL, NULL);
INSERT INTO `t_car` VALUES (862, '菲亚特500', NULL, 11, NULL, NULL, NULL, NULL, NULL, NULL, NULL);
INSERT INTO `t_car` VALUES (863, '菲跃', NULL, 11, NULL, NULL, NULL, NULL, NULL, NULL, NULL);
INSERT INTO `t_car` VALUES (864, 'Panda', NULL, 11, NULL, NULL, NULL, NULL, NULL, NULL, NULL);
INSERT INTO `t_car` VALUES (865, '菲亚特500L', NULL, 11, NULL, NULL, NULL, NULL, NULL, NULL, NULL);
INSERT INTO `t_car` VALUES (866, '朋多', NULL, 11, NULL, NULL, NULL, NULL, NULL, NULL, NULL);
INSERT INTO `t_car` VALUES (867, 'Tipo', NULL, 11, NULL, NULL, NULL, NULL, NULL, NULL, NULL);
INSERT INTO `t_car` VALUES (868, '博悦', NULL, 11, NULL, NULL, NULL, NULL, NULL, NULL, NULL);
INSERT INTO `t_car` VALUES (869, '领雅', NULL, 11, NULL, NULL, NULL, NULL, NULL, NULL, NULL);
INSERT INTO `t_car` VALUES (870, '菲亚特500X', NULL, 11, NULL, NULL, NULL, NULL, NULL, NULL, NULL);
INSERT INTO `t_car` VALUES (871, '多宝', NULL, 11, NULL, NULL, NULL, NULL, NULL, NULL, NULL);
INSERT INTO `t_car` VALUES (872, '菲亚特124', NULL, 11, NULL, NULL, NULL, NULL, NULL, NULL, NULL);
INSERT INTO `t_car` VALUES (873, 'Fullback', NULL, 11, NULL, NULL, NULL, NULL, NULL, NULL, NULL);
INSERT INTO `t_car` VALUES (874, '菲亚特126P', NULL, 11, NULL, NULL, NULL, NULL, NULL, NULL, NULL);
INSERT INTO `t_car` VALUES (875, '812 Superfast', NULL, 42, NULL, NULL, NULL, NULL, NULL, NULL, NULL);
INSERT INTO `t_car` VALUES (876, 'California T', NULL, 42, NULL, NULL, NULL, NULL, NULL, NULL, NULL);
INSERT INTO `t_car` VALUES (877, 'F12berlinetta', NULL, 42, NULL, NULL, NULL, NULL, NULL, NULL, NULL);
INSERT INTO `t_car` VALUES (878, 'GTC4Lusso', NULL, 42, NULL, NULL, NULL, NULL, NULL, NULL, NULL);
INSERT INTO `t_car` VALUES (879, 'LaFerrari', NULL, 42, NULL, NULL, NULL, NULL, NULL, NULL, NULL);
INSERT INTO `t_car` VALUES (880, '法拉利488', NULL, 42, NULL, NULL, NULL, NULL, NULL, NULL, NULL);
INSERT INTO `t_car` VALUES (881, 'Sergio', NULL, 42, NULL, NULL, NULL, NULL, NULL, NULL, NULL);
INSERT INTO `t_car` VALUES (882, '法拉利458', NULL, 42, NULL, NULL, NULL, NULL, NULL, NULL, NULL);
INSERT INTO `t_car` VALUES (883, '法拉利599', NULL, 42, NULL, NULL, NULL, NULL, NULL, NULL, NULL);
INSERT INTO `t_car` VALUES (884, '法拉利FF', NULL, 42, NULL, NULL, NULL, NULL, NULL, NULL, NULL);
INSERT INTO `t_car` VALUES (885, 'Dino', NULL, 42, NULL, NULL, NULL, NULL, NULL, NULL, NULL);
INSERT INTO `t_car` VALUES (886, 'Enzo', NULL, 42, NULL, NULL, NULL, NULL, NULL, NULL, NULL);
INSERT INTO `t_car` VALUES (887, '法拉利250 GT', NULL, 42, NULL, NULL, NULL, NULL, NULL, NULL, NULL);
INSERT INTO `t_car` VALUES (888, '法拉利348', NULL, 42, NULL, NULL, NULL, NULL, NULL, NULL, NULL);
INSERT INTO `t_car` VALUES (889, '法拉利360', NULL, 42, NULL, NULL, NULL, NULL, NULL, NULL, NULL);
INSERT INTO `t_car` VALUES (890, '法拉利575M', NULL, 42, NULL, NULL, NULL, NULL, NULL, NULL, NULL);
INSERT INTO `t_car` VALUES (891, '法拉利612', NULL, 42, NULL, NULL, NULL, NULL, NULL, NULL, NULL);
INSERT INTO `t_car` VALUES (892, '法拉利F355', NULL, 42, NULL, NULL, NULL, NULL, NULL, NULL, NULL);
INSERT INTO `t_car` VALUES (893, '法拉利F40', NULL, 42, NULL, NULL, NULL, NULL, NULL, NULL, NULL);
INSERT INTO `t_car` VALUES (894, '法拉利F430', NULL, 42, NULL, NULL, NULL, NULL, NULL, NULL, NULL);
INSERT INTO `t_car` VALUES (895, '法拉利GTO', NULL, 42, NULL, NULL, NULL, NULL, NULL, NULL, NULL);
INSERT INTO `t_car` VALUES (896, '风景V3', NULL, 96, NULL, NULL, NULL, NULL, NULL, NULL, NULL);
INSERT INTO `t_car` VALUES (897, '风景V5', NULL, 96, NULL, NULL, NULL, NULL, NULL, NULL, NULL);
INSERT INTO `t_car` VALUES (898, '风景G7', NULL, 96, NULL, NULL, NULL, NULL, NULL, NULL, NULL);
INSERT INTO `t_car` VALUES (899, '风景G9', NULL, 96, NULL, NULL, NULL, NULL, NULL, NULL, NULL);
INSERT INTO `t_car` VALUES (900, '福田风景', NULL, 96, NULL, NULL, NULL, NULL, NULL, NULL, NULL);
INSERT INTO `t_car` VALUES (901, '蒙派克E', NULL, 96, NULL, NULL, NULL, NULL, NULL, NULL, NULL);
INSERT INTO `t_car` VALUES (902, '蒙派克S', NULL, 96, NULL, NULL, NULL, NULL, NULL, NULL, NULL);
INSERT INTO `t_car` VALUES (903, '图雅诺', NULL, 96, NULL, NULL, NULL, NULL, NULL, NULL, NULL);
INSERT INTO `t_car` VALUES (904, '萨普', NULL, 96, NULL, NULL, NULL, NULL, NULL, NULL, NULL);
INSERT INTO `t_car` VALUES (905, '奥铃T3', NULL, 96, NULL, NULL, NULL, NULL, NULL, NULL, NULL);
INSERT INTO `t_car` VALUES (906, '迷迪', NULL, 96, NULL, NULL, NULL, NULL, NULL, NULL, NULL);
INSERT INTO `t_car` VALUES (907, '启腾V60', NULL, 197, NULL, NULL, NULL, NULL, NULL, NULL, NULL);
INSERT INTO `t_car` VALUES (908, '启腾EX80', NULL, 197, NULL, NULL, NULL, NULL, NULL, NULL, NULL);
INSERT INTO `t_car` VALUES (909, '启腾M70', NULL, 197, NULL, NULL, NULL, NULL, NULL, NULL, NULL);
INSERT INTO `t_car` VALUES (910, '揽福', NULL, 141, NULL, NULL, NULL, NULL, NULL, NULL, NULL);
INSERT INTO `t_car` VALUES (911, '小超人', NULL, 141, NULL, NULL, NULL, NULL, NULL, NULL, NULL);
INSERT INTO `t_car` VALUES (912, '雄师F16', NULL, 141, NULL, NULL, NULL, NULL, NULL, NULL, NULL);
INSERT INTO `t_car` VALUES (913, '雄师F22', NULL, 141, NULL, NULL, NULL, NULL, NULL, NULL, NULL);
INSERT INTO `t_car` VALUES (914, '探索者Ⅲ', NULL, 141, NULL, NULL, NULL, NULL, NULL, NULL, NULL);
INSERT INTO `t_car` VALUES (915, '萨瓦纳', NULL, 282, NULL, NULL, NULL, NULL, NULL, NULL, NULL);
INSERT INTO `t_car` VALUES (916, '伽途im6', NULL, 282, NULL, NULL, NULL, NULL, NULL, NULL, NULL);
INSERT INTO `t_car` VALUES (917, '伽途im8', NULL, 282, NULL, NULL, NULL, NULL, NULL, NULL, NULL);
INSERT INTO `t_car` VALUES (918, '伽途ix5', NULL, 282, NULL, NULL, NULL, NULL, NULL, NULL, NULL);
INSERT INTO `t_car` VALUES (919, '伽途ix7', NULL, 282, NULL, NULL, NULL, NULL, NULL, NULL, NULL);
INSERT INTO `t_car` VALUES (920, '拓陆者', NULL, 282, NULL, NULL, NULL, NULL, NULL, NULL, NULL);
INSERT INTO `t_car` VALUES (921, 'FF 91', NULL, 248, NULL, NULL, NULL, NULL, NULL, NULL, NULL);
INSERT INTO `t_car` VALUES (922, 'FFZERO1', NULL, 248, NULL, NULL, NULL, NULL, NULL, NULL, NULL);
INSERT INTO `t_car` VALUES (923, 'Karma', NULL, 132, NULL, NULL, NULL, NULL, NULL, NULL, NULL);
INSERT INTO `t_car` VALUES (924, '传祺GA3S新能源', NULL, 82, NULL, NULL, NULL, NULL, NULL, NULL, NULL);
INSERT INTO `t_car` VALUES (925, '传祺GA3', NULL, 82, NULL, NULL, NULL, NULL, NULL, NULL, NULL);
INSERT INTO `t_car` VALUES (926, '传祺GA3S视界', NULL, 82, NULL, NULL, NULL, NULL, NULL, NULL, NULL);
INSERT INTO `t_car` VALUES (927, '传祺GA5新能源', NULL, 82, NULL, NULL, NULL, NULL, NULL, NULL, NULL);
INSERT INTO `t_car` VALUES (928, '传祺GA6', NULL, 82, NULL, NULL, NULL, NULL, NULL, NULL, NULL);
INSERT INTO `t_car` VALUES (929, '传祺GA8', NULL, 82, NULL, NULL, NULL, NULL, NULL, NULL, NULL);
INSERT INTO `t_car` VALUES (930, '传祺GE3', NULL, 82, NULL, NULL, NULL, NULL, NULL, NULL, NULL);
INSERT INTO `t_car` VALUES (931, '传祺GS3', NULL, 82, NULL, NULL, NULL, NULL, NULL, NULL, NULL);
INSERT INTO `t_car` VALUES (932, '传祺GS4', NULL, 82, NULL, NULL, NULL, NULL, NULL, NULL, NULL);
INSERT INTO `t_car` VALUES (933, '传祺GS4新能源', NULL, 82, NULL, NULL, NULL, NULL, NULL, NULL, NULL);
INSERT INTO `t_car` VALUES (934, '传祺GS5', NULL, 82, NULL, NULL, NULL, NULL, NULL, NULL, NULL);
INSERT INTO `t_car` VALUES (935, '传祺GS5 Super', NULL, 82, NULL, NULL, NULL, NULL, NULL, NULL, NULL);
INSERT INTO `t_car` VALUES (936, '传祺GS7', NULL, 82, NULL, NULL, NULL, NULL, NULL, NULL, NULL);
INSERT INTO `t_car` VALUES (937, '传祺GS8', NULL, 82, NULL, NULL, NULL, NULL, NULL, NULL, NULL);
INSERT INTO `t_car` VALUES (938, 'EV coupe', NULL, 82, NULL, NULL, NULL, NULL, NULL, NULL, NULL);
INSERT INTO `t_car` VALUES (939, '传祺E-jet', NULL, 82, NULL, NULL, NULL, NULL, NULL, NULL, NULL);
INSERT INTO `t_car` VALUES (940, 'WitStar', NULL, 82, NULL, NULL, NULL, NULL, NULL, NULL, NULL);
INSERT INTO `t_car` VALUES (941, 'EnSpirit', NULL, 82, NULL, NULL, NULL, NULL, NULL, NULL, NULL);
INSERT INTO `t_car` VALUES (942, 'i-lounge朗智', NULL, 82, NULL, NULL, NULL, NULL, NULL, NULL, NULL);
INSERT INTO `t_car` VALUES (943, 'EnLight', NULL, 82, NULL, NULL, NULL, NULL, NULL, NULL, NULL);
INSERT INTO `t_car` VALUES (944, '传祺GA5', NULL, 82, NULL, NULL, NULL, NULL, NULL, NULL, NULL);
INSERT INTO `t_car` VALUES (945, '星旺', NULL, 108, NULL, NULL, NULL, NULL, NULL, NULL, NULL);
INSERT INTO `t_car` VALUES (946, '星旺CL', NULL, 108, NULL, NULL, NULL, NULL, NULL, NULL, NULL);
INSERT INTO `t_car` VALUES (947, '财运100', NULL, 108, NULL, NULL, NULL, NULL, NULL, NULL, NULL);
INSERT INTO `t_car` VALUES (948, '财运300', NULL, 108, NULL, NULL, NULL, NULL, NULL, NULL, NULL);
INSERT INTO `t_car` VALUES (949, '财运500', NULL, 108, NULL, NULL, NULL, NULL, NULL, NULL, NULL);
INSERT INTO `t_car` VALUES (950, '广汽吉奥GP150', NULL, 108, NULL, NULL, NULL, NULL, NULL, NULL, NULL);
INSERT INTO `t_car` VALUES (951, 'E美', NULL, 108, NULL, NULL, NULL, NULL, NULL, NULL, NULL);
INSERT INTO `t_car` VALUES (952, '奥轩GX5', NULL, 108, NULL, NULL, NULL, NULL, NULL, NULL, NULL);
INSERT INTO `t_car` VALUES (953, '广汽吉奥GX6', NULL, 108, NULL, NULL, NULL, NULL, NULL, NULL, NULL);
INSERT INTO `t_car` VALUES (954, '星朗', NULL, 108, NULL, NULL, NULL, NULL, NULL, NULL, NULL);
INSERT INTO `t_car` VALUES (955, '奥轩G3', NULL, 108, NULL, NULL, NULL, NULL, NULL, NULL, NULL);
INSERT INTO `t_car` VALUES (956, '帅豹', NULL, 108, NULL, NULL, NULL, NULL, NULL, NULL, NULL);
INSERT INTO `t_car` VALUES (957, '奥轩G5', NULL, 108, NULL, NULL, NULL, NULL, NULL, NULL, NULL);
INSERT INTO `t_car` VALUES (958, '帅舰', NULL, 108, NULL, NULL, NULL, NULL, NULL, NULL, NULL);
INSERT INTO `t_car` VALUES (959, '观致3', NULL, 152, NULL, NULL, NULL, NULL, NULL, NULL, NULL);
INSERT INTO `t_car` VALUES (960, '观致5', NULL, 152, NULL, NULL, NULL, NULL, NULL, NULL, NULL);
INSERT INTO `t_car` VALUES (961, '观致', NULL, 152, NULL, NULL, NULL, NULL, NULL, NULL, NULL);
INSERT INTO `t_car` VALUES (962, '观致2', NULL, 152, NULL, NULL, NULL, NULL, NULL, NULL, NULL);
INSERT INTO `t_car` VALUES (963, 'Model Young', NULL, 152, NULL, NULL, NULL, NULL, NULL, NULL, NULL);
INSERT INTO `t_car` VALUES (964, 'Model K-EV', NULL, 152, NULL, NULL, NULL, NULL, NULL, NULL, NULL);
INSERT INTO `t_car` VALUES (965, 'YUKON', NULL, 112, NULL, NULL, NULL, NULL, NULL, NULL, NULL);
INSERT INTO `t_car` VALUES (966, 'SAVANA', NULL, 112, NULL, NULL, NULL, NULL, NULL, NULL, NULL);
INSERT INTO `t_car` VALUES (967, 'SIERRA', NULL, 112, NULL, NULL, NULL, NULL, NULL, NULL, NULL);
INSERT INTO `t_car` VALUES (968, 'TERRAIN', NULL, 112, NULL, NULL, NULL, NULL, NULL, NULL, NULL);
INSERT INTO `t_car` VALUES (969, 'ACADIA', NULL, 112, NULL, NULL, NULL, NULL, NULL, NULL, NULL);
INSERT INTO `t_car` VALUES (970, 'CANYON', NULL, 112, NULL, NULL, NULL, NULL, NULL, NULL, NULL);
INSERT INTO `t_car` VALUES (971, '大蛇', NULL, 116, NULL, NULL, NULL, NULL, NULL, NULL, NULL);
INSERT INTO `t_car` VALUES (972, '嘉路', NULL, 116, NULL, NULL, NULL, NULL, NULL, NULL, NULL);
INSERT INTO `t_car` VALUES (973, '女王', NULL, 116, NULL, NULL, NULL, NULL, NULL, NULL, NULL);
INSERT INTO `t_car` VALUES (974, 'GLM G4', NULL, 277, NULL, NULL, NULL, NULL, NULL, NULL, NULL);
INSERT INTO `t_car` VALUES (975, 'Apollo', NULL, 115, NULL, NULL, NULL, NULL, NULL, NULL, NULL);
INSERT INTO `t_car` VALUES (976, '哈弗H1', NULL, 181, NULL, NULL, NULL, NULL, NULL, NULL, NULL);
INSERT INTO `t_car` VALUES (977, '哈弗H2', NULL, 181, NULL, NULL, NULL, NULL, NULL, NULL, NULL);
INSERT INTO `t_car` VALUES (978, '哈弗H2s', NULL, 181, NULL, NULL, NULL, NULL, NULL, NULL, NULL);
INSERT INTO `t_car` VALUES (979, '哈弗H5', NULL, 181, NULL, NULL, NULL, NULL, NULL, NULL, NULL);
INSERT INTO `t_car` VALUES (980, '哈弗H6', NULL, 181, NULL, NULL, NULL, NULL, NULL, NULL, NULL);
INSERT INTO `t_car` VALUES (981, '哈弗H6 Coupe', NULL, 181, NULL, NULL, NULL, NULL, NULL, NULL, NULL);
INSERT INTO `t_car` VALUES (982, '哈弗M6', NULL, 181, NULL, NULL, NULL, NULL, NULL, NULL, NULL);
INSERT INTO `t_car` VALUES (983, '哈弗H7', NULL, 181, NULL, NULL, NULL, NULL, NULL, NULL, NULL);
INSERT INTO `t_car` VALUES (984, '哈弗H8', NULL, 181, NULL, NULL, NULL, NULL, NULL, NULL, NULL);
INSERT INTO `t_car` VALUES (985, '哈弗H9', NULL, 181, NULL, NULL, NULL, NULL, NULL, NULL, NULL);
INSERT INTO `t_car` VALUES (986, '哈弗Concept B', NULL, 181, NULL, NULL, NULL, NULL, NULL, NULL, NULL);
INSERT INTO `t_car` VALUES (987, '哈弗COUPE', NULL, 181, NULL, NULL, NULL, NULL, NULL, NULL, NULL);
INSERT INTO `t_car` VALUES (988, '哈弗HB-02', NULL, 181, NULL, NULL, NULL, NULL, NULL, NULL, NULL);
INSERT INTO `t_car` VALUES (989, '哈弗Concept R', NULL, 181, NULL, NULL, NULL, NULL, NULL, NULL, NULL);
INSERT INTO `t_car` VALUES (990, '哈弗IF', NULL, 181, NULL, NULL, NULL, NULL, NULL, NULL, NULL);
INSERT INTO `t_car` VALUES (991, '哈弗H3', NULL, 181, NULL, NULL, NULL, NULL, NULL, NULL, NULL);
INSERT INTO `t_car` VALUES (992, '海马@3', NULL, 86, NULL, NULL, NULL, NULL, NULL, NULL, NULL);
INSERT INTO `t_car` VALUES (993, '海马M3', NULL, 86, NULL, NULL, NULL, NULL, NULL, NULL, NULL);
INSERT INTO `t_car` VALUES (994, '海马M6', NULL, 86, NULL, NULL, NULL, NULL, NULL, NULL, NULL);
INSERT INTO `t_car` VALUES (995, '海马S5青春版', NULL, 86, NULL, NULL, NULL, NULL, NULL, NULL, NULL);
INSERT INTO `t_car` VALUES (996, '海马S5', NULL, 86, NULL, NULL, NULL, NULL, NULL, NULL, NULL);
INSERT INTO `t_car` VALUES (997, '海马爱尚', NULL, 86, NULL, NULL, NULL, NULL, NULL, NULL, NULL);
INSERT INTO `t_car` VALUES (998, '海马王子', NULL, 86, NULL, NULL, NULL, NULL, NULL, NULL, NULL);
INSERT INTO `t_car` VALUES (999, '福仕达鸿达', NULL, 86, NULL, NULL, NULL, NULL, NULL, NULL, NULL);
INSERT INTO `t_car` VALUES (1000, '福仕达荣达', NULL, 86, NULL, NULL, NULL, NULL, NULL, NULL, NULL);
INSERT INTO `t_car` VALUES (1001, '福美来', NULL, 86, NULL, NULL, NULL, NULL, NULL, NULL, NULL);
INSERT INTO `t_car` VALUES (1002, '海马S7', NULL, 86, NULL, NULL, NULL, NULL, NULL, NULL, NULL);
INSERT INTO `t_car` VALUES (1003, '福美来MPV', NULL, 86, NULL, NULL, NULL, NULL, NULL, NULL, NULL);
INSERT INTO `t_car` VALUES (1004, '普力马EV', NULL, 86, NULL, NULL, NULL, NULL, NULL, NULL, NULL);
INSERT INTO `t_car` VALUES (1005, '海马M8', NULL, 86, NULL, NULL, NULL, NULL, NULL, NULL, NULL);
INSERT INTO `t_car` VALUES (1006, '丘比特', NULL, 86, NULL, NULL, NULL, NULL, NULL, NULL, NULL);
INSERT INTO `t_car` VALUES (1007, '海福星', NULL, 86, NULL, NULL, NULL, NULL, NULL, NULL, NULL);
INSERT INTO `t_car` VALUES (1008, '海马3', NULL, 86, NULL, NULL, NULL, NULL, NULL, NULL, NULL);
INSERT INTO `t_car` VALUES (1009, '欢动', NULL, 86, NULL, NULL, NULL, NULL, NULL, NULL, NULL);
INSERT INTO `t_car` VALUES (1010, '海马骑士', NULL, 86, NULL, NULL, NULL, NULL, NULL, NULL, NULL);
INSERT INTO `t_car` VALUES (1011, '海马V70', NULL, 86, NULL, NULL, NULL, NULL, NULL, NULL, NULL);
INSERT INTO `t_car` VALUES (1012, '普力马', NULL, 86, NULL, NULL, NULL, NULL, NULL, NULL, NULL);
INSERT INTO `t_car` VALUES (1013, '海格H4E', NULL, 150, NULL, NULL, NULL, NULL, NULL, NULL, NULL);
INSERT INTO `t_car` VALUES (1014, '海格H5C', NULL, 150, NULL, NULL, NULL, NULL, NULL, NULL, NULL);
INSERT INTO `t_car` VALUES (1015, '海格H5V', NULL, 150, NULL, NULL, NULL, NULL, NULL, NULL, NULL);
INSERT INTO `t_car` VALUES (1016, '海格H6C', NULL, 150, NULL, NULL, NULL, NULL, NULL, NULL, NULL);
INSERT INTO `t_car` VALUES (1017, '海格H7V', NULL, 150, NULL, NULL, NULL, NULL, NULL, NULL, NULL);
INSERT INTO `t_car` VALUES (1018, '龙威', NULL, 150, NULL, NULL, NULL, NULL, NULL, NULL, NULL);
INSERT INTO `t_car` VALUES (1019, '御骏', NULL, 150, NULL, NULL, NULL, NULL, NULL, NULL, NULL);
INSERT INTO `t_car` VALUES (1020, '旗胜V3', NULL, 97, NULL, NULL, NULL, NULL, NULL, NULL, NULL);
INSERT INTO `t_car` VALUES (1021, '傲骏', NULL, 97, NULL, NULL, NULL, NULL, NULL, NULL, NULL);
INSERT INTO `t_car` VALUES (1022, '大柴神', NULL, 97, NULL, NULL, NULL, NULL, NULL, NULL, NULL);
INSERT INTO `t_car` VALUES (1023, '黄海N1', NULL, 97, NULL, NULL, NULL, NULL, NULL, NULL, NULL);
INSERT INTO `t_car` VALUES (1024, '黄海N2', NULL, 97, NULL, NULL, NULL, NULL, NULL, NULL, NULL);
INSERT INTO `t_car` VALUES (1025, '黄海N3', NULL, 97, NULL, NULL, NULL, NULL, NULL, NULL, NULL);
INSERT INTO `t_car` VALUES (1026, '翱龙CUV', NULL, 97, NULL, NULL, NULL, NULL, NULL, NULL, NULL);
INSERT INTO `t_car` VALUES (1027, '旗胜F1', NULL, 97, NULL, NULL, NULL, NULL, NULL, NULL, NULL);
INSERT INTO `t_car` VALUES (1028, '挑战者SUV', NULL, 97, NULL, NULL, NULL, NULL, NULL, NULL, NULL);
INSERT INTO `t_car` VALUES (1029, '红旗H7', NULL, 91, NULL, NULL, NULL, NULL, NULL, NULL, NULL);
INSERT INTO `t_car` VALUES (1030, '红旗L5', NULL, 91, NULL, NULL, NULL, NULL, NULL, NULL, NULL);
INSERT INTO `t_car` VALUES (1031, '红旗B-Concept', NULL, 91, NULL, NULL, NULL, NULL, NULL, NULL, NULL);
INSERT INTO `t_car` VALUES (1032, '红旗H5', NULL, 91, NULL, NULL, NULL, NULL, NULL, NULL, NULL);
INSERT INTO `t_car` VALUES (1033, '红旗L7', NULL, 91, NULL, NULL, NULL, NULL, NULL, NULL, NULL);
INSERT INTO `t_car` VALUES (1034, '红旗U-Concept', NULL, 91, NULL, NULL, NULL, NULL, NULL, NULL, NULL);
INSERT INTO `t_car` VALUES (1035, '红旗LS5', NULL, 91, NULL, NULL, NULL, NULL, NULL, NULL, NULL);
INSERT INTO `t_car` VALUES (1036, '新明仕', NULL, 91, NULL, NULL, NULL, NULL, NULL, NULL, NULL);
INSERT INTO `t_car` VALUES (1037, '红旗盛世', NULL, 91, NULL, NULL, NULL, NULL, NULL, NULL, NULL);
INSERT INTO `t_car` VALUES (1038, '红旗CA770', NULL, 91, NULL, NULL, NULL, NULL, NULL, NULL, NULL);
INSERT INTO `t_car` VALUES (1039, '红旗L9', NULL, 91, NULL, NULL, NULL, NULL, NULL, NULL, NULL);
INSERT INTO `t_car` VALUES (1040, '哈飞小霸王', NULL, 24, NULL, NULL, NULL, NULL, NULL, NULL, NULL);
INSERT INTO `t_car` VALUES (1041, '骏意', NULL, 24, NULL, NULL, NULL, NULL, NULL, NULL, NULL);
INSERT INTO `t_car` VALUES (1042, '民意', NULL, 24, NULL, NULL, NULL, NULL, NULL, NULL, NULL);
INSERT INTO `t_car` VALUES (1043, '中意V5', NULL, 24, NULL, NULL, NULL, NULL, NULL, NULL, NULL);
INSERT INTO `t_car` VALUES (1044, '路宝', NULL, 24, NULL, NULL, NULL, NULL, NULL, NULL, NULL);
INSERT INTO `t_car` VALUES (1045, '赛马', NULL, 24, NULL, NULL, NULL, NULL, NULL, NULL, NULL);
INSERT INTO `t_car` VALUES (1046, '赛豹III', NULL, 24, NULL, NULL, NULL, NULL, NULL, NULL, NULL);
INSERT INTO `t_car` VALUES (1047, '赛豹V', NULL, 24, NULL, NULL, NULL, NULL, NULL, NULL, NULL);
INSERT INTO `t_car` VALUES (1048, '路尊大霸王', NULL, 24, NULL, NULL, NULL, NULL, NULL, NULL, NULL);
INSERT INTO `t_car` VALUES (1049, '华泰iEV230', NULL, 260, NULL, NULL, NULL, NULL, NULL, NULL, NULL);
INSERT INTO `t_car` VALUES (1050, '华泰XEV260', NULL, 260, NULL, NULL, NULL, NULL, NULL, NULL, NULL);
INSERT INTO `t_car` VALUES (1051, '途腾T1', NULL, 164, NULL, NULL, NULL, NULL, NULL, NULL, NULL);
INSERT INTO `t_car` VALUES (1052, '途腾T2', NULL, 164, NULL, NULL, NULL, NULL, NULL, NULL, NULL);
INSERT INTO `t_car` VALUES (1053, '途腾T3', NULL, 164, NULL, NULL, NULL, NULL, NULL, NULL, NULL);
INSERT INTO `t_car` VALUES (1054, '华凯皮卡', NULL, 245, NULL, NULL, NULL, NULL, NULL, NULL, NULL);
INSERT INTO `t_car` VALUES (1055, '华颂7', NULL, 220, NULL, NULL, NULL, NULL, NULL, NULL, NULL);
INSERT INTO `t_car` VALUES (1056, '圣达菲7', NULL, 87, NULL, NULL, NULL, NULL, NULL, NULL, NULL);
INSERT INTO `t_car` VALUES (1057, '路盛E70', NULL, 87, NULL, NULL, NULL, NULL, NULL, NULL, NULL);
INSERT INTO `t_car` VALUES (1058, '路盛E80', NULL, 87, NULL, NULL, NULL, NULL, NULL, NULL, NULL);
INSERT INTO `t_car` VALUES (1059, '宝利格', NULL, 87, NULL, NULL, NULL, NULL, NULL, NULL, NULL);
INSERT INTO `t_car` VALUES (1060, '圣达菲', NULL, 87, NULL, NULL, NULL, NULL, NULL, NULL, NULL);
INSERT INTO `t_car` VALUES (1061, '圣达菲5', NULL, 87, NULL, NULL, NULL, NULL, NULL, NULL, NULL);
INSERT INTO `t_car` VALUES (1062, '圣达菲经典', NULL, 87, NULL, NULL, NULL, NULL, NULL, NULL, NULL);
INSERT INTO `t_car` VALUES (1063, '路盛E90', NULL, 87, NULL, NULL, NULL, NULL, NULL, NULL, NULL);
INSERT INTO `t_car` VALUES (1064, '华泰B11', NULL, 87, NULL, NULL, NULL, NULL, NULL, NULL, NULL);
INSERT INTO `t_car` VALUES (1065, '特拉卡', NULL, 87, NULL, NULL, NULL, NULL, NULL, NULL, NULL);
INSERT INTO `t_car` VALUES (1066, '汉腾X5', NULL, 267, NULL, NULL, NULL, NULL, NULL, NULL, NULL);
INSERT INTO `t_car` VALUES (1067, '汉腾X7', NULL, 267, NULL, NULL, NULL, NULL, NULL, NULL, NULL);
INSERT INTO `t_car` VALUES (1068, '悍马HX', NULL, 43, NULL, NULL, NULL, NULL, NULL, NULL, NULL);
INSERT INTO `t_car` VALUES (1069, '悍马H3', NULL, 43, NULL, NULL, NULL, NULL, NULL, NULL, NULL);
INSERT INTO `t_car` VALUES (1070, '悍马H1', NULL, 43, NULL, NULL, NULL, NULL, NULL, NULL, NULL);
INSERT INTO `t_car` VALUES (1071, '悍马H2', NULL, 43, NULL, NULL, NULL, NULL, NULL, NULL, NULL);
INSERT INTO `t_car` VALUES (1072, 'VelociRaptor', NULL, 170, NULL, NULL, NULL, NULL, NULL, NULL, NULL);
INSERT INTO `t_car` VALUES (1073, 'Venom GT', NULL, 170, NULL, NULL, NULL, NULL, NULL, NULL, NULL);
INSERT INTO `t_car` VALUES (1074, '天津大发TJ110', NULL, 237, NULL, NULL, NULL, NULL, NULL, NULL, NULL);
INSERT INTO `t_car` VALUES (1075, '海锋', NULL, 85, NULL, NULL, NULL, NULL, NULL, NULL, NULL);
INSERT INTO `t_car` VALUES (1076, '海尚', NULL, 85, NULL, NULL, NULL, NULL, NULL, NULL, NULL);
INSERT INTO `t_car` VALUES (1077, '海迅', NULL, 85, NULL, NULL, NULL, NULL, NULL, NULL, NULL);
INSERT INTO `t_car` VALUES (1078, '海域', NULL, 85, NULL, NULL, NULL, NULL, NULL, NULL, NULL);
INSERT INTO `t_car` VALUES (1079, '华普海景', NULL, 85, NULL, NULL, NULL, NULL, NULL, NULL, NULL);
INSERT INTO `t_car` VALUES (1080, 'HORKI-1', NULL, 184, NULL, NULL, NULL, NULL, NULL, NULL, NULL);
INSERT INTO `t_car` VALUES (1081, '华骐300E', NULL, 184, NULL, NULL, NULL, NULL, NULL, NULL, NULL);
INSERT INTO `t_car` VALUES (1082, 'Commodore', NULL, 240, NULL, NULL, NULL, NULL, NULL, NULL, NULL);
INSERT INTO `t_car` VALUES (1083, 'Vulcano', NULL, 188, NULL, NULL, NULL, NULL, NULL, NULL, NULL);
INSERT INTO `t_car` VALUES (1084, '金刚', NULL, 25, NULL, NULL, NULL, NULL, NULL, NULL, NULL);
INSERT INTO `t_car` VALUES (1085, '帝豪', NULL, 25, NULL, NULL, NULL, NULL, NULL, NULL, NULL);
INSERT INTO `t_car` VALUES (1086, '帝豪EV', NULL, 25, NULL, NULL, NULL, NULL, NULL, NULL, NULL);
INSERT INTO `t_car` VALUES (1087, '帝豪GL', NULL, 25, NULL, NULL, NULL, NULL, NULL, NULL, NULL);
INSERT INTO `t_car` VALUES (1088, '远景', NULL, 25, NULL, NULL, NULL, NULL, NULL, NULL, NULL);
INSERT INTO `t_car` VALUES (1089, '博瑞', NULL, 25, NULL, NULL, NULL, NULL, NULL, NULL, NULL);
INSERT INTO `t_car` VALUES (1090, '远景X1', NULL, 25, NULL, NULL, NULL, NULL, NULL, NULL, NULL);
INSERT INTO `t_car` VALUES (1091, '远景X3', NULL, 25, NULL, NULL, NULL, NULL, NULL, NULL, NULL);
INSERT INTO `t_car` VALUES (1092, '博越', NULL, 25, NULL, NULL, NULL, NULL, NULL, NULL, NULL);
INSERT INTO `t_car` VALUES (1093, '帝豪GS', NULL, 25, NULL, NULL, NULL, NULL, NULL, NULL, NULL);
INSERT INTO `t_car` VALUES (1094, '远景SUV', NULL, 25, NULL, NULL, NULL, NULL, NULL, NULL, NULL);
INSERT INTO `t_car` VALUES (1095, '吉利GC6', NULL, 25, NULL, NULL, NULL, NULL, NULL, NULL, NULL);
INSERT INTO `t_car` VALUES (1096, '吉利GX5', NULL, 25, NULL, NULL, NULL, NULL, NULL, NULL, NULL);
INSERT INTO `t_car` VALUES (1097, '吉利GX6', NULL, 25, NULL, NULL, NULL, NULL, NULL, NULL, NULL);
INSERT INTO `t_car` VALUES (1098, '吉利GX2', NULL, 25, NULL, NULL, NULL, NULL, NULL, NULL, NULL);
INSERT INTO `t_car` VALUES (1099, '熊猫', NULL, 25, NULL, NULL, NULL, NULL, NULL, NULL, NULL);
INSERT INTO `t_car` VALUES (1100, '豪情', NULL, 25, NULL, NULL, NULL, NULL, NULL, NULL, NULL);
INSERT INTO `t_car` VALUES (1101, '吉利EC6-RV', NULL, 25, NULL, NULL, NULL, NULL, NULL, NULL, NULL);
INSERT INTO `t_car` VALUES (1102, '吉利GC3', NULL, 25, NULL, NULL, NULL, NULL, NULL, NULL, NULL);
INSERT INTO `t_car` VALUES (1103, '吉利SC3', NULL, 25, NULL, NULL, NULL, NULL, NULL, NULL, NULL);
INSERT INTO `t_car` VALUES (1104, '吉利SC5', NULL, 25, NULL, NULL, NULL, NULL, NULL, NULL, NULL);
INSERT INTO `t_car` VALUES (1105, '吉利SC5-RV', NULL, 25, NULL, NULL, NULL, NULL, NULL, NULL, NULL);
INSERT INTO `t_car` VALUES (1106, '吉利SC6-RV', NULL, 25, NULL, NULL, NULL, NULL, NULL, NULL, NULL);
INSERT INTO `t_car` VALUES (1107, '金刚财富', NULL, 25, NULL, NULL, NULL, NULL, NULL, NULL, NULL);
INSERT INTO `t_car` VALUES (1108, '金鹰', NULL, 25, NULL, NULL, NULL, NULL, NULL, NULL, NULL);
INSERT INTO `t_car` VALUES (1109, '英伦C5', NULL, 25, NULL, NULL, NULL, NULL, NULL, NULL, NULL);
INSERT INTO `t_car` VALUES (1110, '优利欧', NULL, 25, NULL, NULL, NULL, NULL, NULL, NULL, NULL);
INSERT INTO `t_car` VALUES (1111, '自由舰', NULL, 25, NULL, NULL, NULL, NULL, NULL, NULL, NULL);
INSERT INTO `t_car` VALUES (1112, '海景', NULL, 25, NULL, NULL, NULL, NULL, NULL, NULL, NULL);
INSERT INTO `t_car` VALUES (1113, '吉利GC5', NULL, 25, NULL, NULL, NULL, NULL, NULL, NULL, NULL);
INSERT INTO `t_car` VALUES (1114, '吉利GC7', NULL, 25, NULL, NULL, NULL, NULL, NULL, NULL, NULL);
INSERT INTO `t_car` VALUES (1115, '经典帝豪', NULL, 25, NULL, NULL, NULL, NULL, NULL, NULL, NULL);
INSERT INTO `t_car` VALUES (1116, '英伦TX4', NULL, 25, NULL, NULL, NULL, NULL, NULL, NULL, NULL);
INSERT INTO `t_car` VALUES (1117, '吉利EC8', NULL, 25, NULL, NULL, NULL, NULL, NULL, NULL, NULL);
INSERT INTO `t_car` VALUES (1118, '吉利GE', NULL, 25, NULL, NULL, NULL, NULL, NULL, NULL, NULL);
INSERT INTO `t_car` VALUES (1119, '吉利SX5', NULL, 25, NULL, NULL, NULL, NULL, NULL, NULL, NULL);
INSERT INTO `t_car` VALUES (1120, '吉利SX6', NULL, 25, NULL, NULL, NULL, NULL, NULL, NULL, NULL);
INSERT INTO `t_car` VALUES (1121, '吉利EX7', NULL, 25, NULL, NULL, NULL, NULL, NULL, NULL, NULL);
INSERT INTO `t_car` VALUES (1122, '吉利GX7', NULL, 25, NULL, NULL, NULL, NULL, NULL, NULL, NULL);
INSERT INTO `t_car` VALUES (1123, '吉利SX7', NULL, 25, NULL, NULL, NULL, NULL, NULL, NULL, NULL);
INSERT INTO `t_car` VALUES (1124, '豪情SUV', NULL, 25, NULL, NULL, NULL, NULL, NULL, NULL, NULL);
INSERT INTO `t_car` VALUES (1125, '吉利EX8', NULL, 25, NULL, NULL, NULL, NULL, NULL, NULL, NULL);
INSERT INTO `t_car` VALUES (1126, '吉利EV8', NULL, 25, NULL, NULL, NULL, NULL, NULL, NULL, NULL);
INSERT INTO `t_car` VALUES (1127, '吉利GV5', NULL, 25, NULL, NULL, NULL, NULL, NULL, NULL, NULL);
INSERT INTO `t_car` VALUES (1128, '吉利SV5', NULL, 25, NULL, NULL, NULL, NULL, NULL, NULL, NULL);
INSERT INTO `t_car` VALUES (1129, '吉利GS', NULL, 25, NULL, NULL, NULL, NULL, NULL, NULL, NULL);
INSERT INTO `t_car` VALUES (1130, '美人豹', NULL, 25, NULL, NULL, NULL, NULL, NULL, NULL, NULL);
INSERT INTO `t_car` VALUES (1131, '中国龙', NULL, 25, NULL, NULL, NULL, NULL, NULL, NULL, NULL);
INSERT INTO `t_car` VALUES (1132, '北京JEEP', NULL, 46, NULL, NULL, NULL, NULL, NULL, NULL, NULL);
INSERT INTO `t_car` VALUES (1133, '大切诺基', NULL, 46, NULL, NULL, NULL, NULL, NULL, NULL, NULL);
INSERT INTO `t_car` VALUES (1134, '自由侠', NULL, 46, NULL, NULL, NULL, NULL, NULL, NULL, NULL);
INSERT INTO `t_car` VALUES (1135, '指南者', NULL, 46, NULL, NULL, NULL, NULL, NULL, NULL, NULL);
INSERT INTO `t_car` VALUES (1136, '自由光', NULL, 46, NULL, NULL, NULL, NULL, NULL, NULL, NULL);
INSERT INTO `t_car` VALUES (1137, '牧马人', NULL, 46, NULL, NULL, NULL, NULL, NULL, NULL, NULL);
INSERT INTO `t_car` VALUES (1138, '大切诺基(进口)', NULL, 46, NULL, NULL, NULL, NULL, NULL, NULL, NULL);
INSERT INTO `t_car` VALUES (1139, '自由客', NULL, 46, NULL, NULL, NULL, NULL, NULL, NULL, NULL);
INSERT INTO `t_car` VALUES (1140, '自由侠(海外)', NULL, 46, NULL, NULL, NULL, NULL, NULL, NULL, NULL);
INSERT INTO `t_car` VALUES (1141, '指南者(进口)', NULL, 46, NULL, NULL, NULL, NULL, NULL, NULL, NULL);
INSERT INTO `t_car` VALUES (1142, '自由光(进口)', NULL, 46, NULL, NULL, NULL, NULL, NULL, NULL, NULL);
INSERT INTO `t_car` VALUES (1143, '自由人', NULL, 46, NULL, NULL, NULL, NULL, NULL, NULL, NULL);
INSERT INTO `t_car` VALUES (1144, 'Jeep J12', NULL, 46, NULL, NULL, NULL, NULL, NULL, NULL, NULL);
INSERT INTO `t_car` VALUES (1145, '切诺基(进口)', NULL, 46, NULL, NULL, NULL, NULL, NULL, NULL, NULL);
INSERT INTO `t_car` VALUES (1146, '指挥官', NULL, 46, NULL, NULL, NULL, NULL, NULL, NULL, NULL);
INSERT INTO `t_car` VALUES (1147, '大切诺基 SRT', NULL, 46, NULL, NULL, NULL, NULL, NULL, NULL, NULL);
INSERT INTO `t_car` VALUES (1148, '江淮iEV6E', NULL, 84, NULL, NULL, NULL, NULL, NULL, NULL, NULL);
INSERT INTO `t_car` VALUES (1149, '悦悦', NULL, 84, NULL, NULL, NULL, NULL, NULL, NULL, NULL);
INSERT INTO `t_car` VALUES (1150, '和悦A30', NULL, 84, NULL, NULL, NULL, NULL, NULL, NULL, NULL);
INSERT INTO `t_car` VALUES (1151, '江淮iEV', NULL, 84, NULL, NULL, NULL, NULL, NULL, NULL, NULL);
INSERT INTO `t_car` VALUES (1152, '和悦', NULL, 84, NULL, NULL, NULL, NULL, NULL, NULL, NULL);
INSERT INTO `t_car` VALUES (1153, '瑞风A60', NULL, 84, NULL, NULL, NULL, NULL, NULL, NULL, NULL);
INSERT INTO `t_car` VALUES (1154, '瑞风S2', NULL, 84, NULL, NULL, NULL, NULL, NULL, NULL, NULL);
INSERT INTO `t_car` VALUES (1155, '瑞风S2mini', NULL, 84, NULL, NULL, NULL, NULL, NULL, NULL, NULL);
INSERT INTO `t_car` VALUES (1156, '瑞风S3', NULL, 84, NULL, NULL, NULL, NULL, NULL, NULL, NULL);
INSERT INTO `t_car` VALUES (1157, '瑞风S5', NULL, 84, NULL, NULL, NULL, NULL, NULL, NULL, NULL);
INSERT INTO `t_car` VALUES (1158, '瑞风S7', NULL, 84, NULL, NULL, NULL, NULL, NULL, NULL, NULL);
INSERT INTO `t_car` VALUES (1159, '瑞风M3', NULL, 84, NULL, NULL, NULL, NULL, NULL, NULL, NULL);
INSERT INTO `t_car` VALUES (1160, '瑞风M4', NULL, 84, NULL, NULL, NULL, NULL, NULL, NULL, NULL);
INSERT INTO `t_car` VALUES (1161, '瑞风M5', NULL, 84, NULL, NULL, NULL, NULL, NULL, NULL, NULL);
INSERT INTO `t_car` VALUES (1162, '凌铃', NULL, 84, NULL, NULL, NULL, NULL, NULL, NULL, NULL);
INSERT INTO `t_car` VALUES (1163, '瑞风', NULL, 84, NULL, NULL, NULL, NULL, NULL, NULL, NULL);
INSERT INTO `t_car` VALUES (1164, '星锐', NULL, 84, NULL, NULL, NULL, NULL, NULL, NULL, NULL);
INSERT INTO `t_car` VALUES (1165, '瑞铃', NULL, 84, NULL, NULL, NULL, NULL, NULL, NULL, NULL);
INSERT INTO `t_car` VALUES (1166, '帅铃T6', NULL, 84, NULL, NULL, NULL, NULL, NULL, NULL, NULL);
INSERT INTO `t_car` VALUES (1167, '和悦A13', NULL, 84, NULL, NULL, NULL, NULL, NULL, NULL, NULL);
INSERT INTO `t_car` VALUES (1168, '江淮iEV6S', NULL, 84, NULL, NULL, NULL, NULL, NULL, NULL, NULL);
INSERT INTO `t_car` VALUES (1169, '愿景IV', NULL, 84, NULL, NULL, NULL, NULL, NULL, NULL, NULL);
INSERT INTO `t_car` VALUES (1170, '和悦A20', NULL, 84, NULL, NULL, NULL, NULL, NULL, NULL, NULL);
INSERT INTO `t_car` VALUES (1171, '江淮iEV7C', NULL, 84, NULL, NULL, NULL, NULL, NULL, NULL, NULL);
INSERT INTO `t_car` VALUES (1172, '江淮iEV7S', NULL, 84, NULL, NULL, NULL, NULL, NULL, NULL, NULL);
INSERT INTO `t_car` VALUES (1173, '江淮SC-5', NULL, 84, NULL, NULL, NULL, NULL, NULL, NULL, NULL);
INSERT INTO `t_car` VALUES (1174, '瑞风SC-9', NULL, 84, NULL, NULL, NULL, NULL, NULL, NULL, NULL);
INSERT INTO `t_car` VALUES (1175, '瑞风M6', NULL, 84, NULL, NULL, NULL, NULL, NULL, NULL, NULL);
INSERT INTO `t_car` VALUES (1176, '和悦SC', NULL, 84, NULL, NULL, NULL, NULL, NULL, NULL, NULL);
INSERT INTO `t_car` VALUES (1177, '和悦A13RS', NULL, 84, NULL, NULL, NULL, NULL, NULL, NULL, NULL);
INSERT INTO `t_car` VALUES (1178, '同悦', NULL, 84, NULL, NULL, NULL, NULL, NULL, NULL, NULL);
INSERT INTO `t_car` VALUES (1179, '同悦RS', NULL, 84, NULL, NULL, NULL, NULL, NULL, NULL, NULL);
INSERT INTO `t_car` VALUES (1180, '宾悦', NULL, 84, NULL, NULL, NULL, NULL, NULL, NULL, NULL);
INSERT INTO `t_car` VALUES (1181, '瑞鹰', NULL, 84, NULL, NULL, NULL, NULL, NULL, NULL, NULL);
INSERT INTO `t_car` VALUES (1182, '瑞风M2', NULL, 84, NULL, NULL, NULL, NULL, NULL, NULL, NULL);
INSERT INTO `t_car` VALUES (1183, '江淮K3', NULL, 84, NULL, NULL, NULL, NULL, NULL, NULL, NULL);
INSERT INTO `t_car` VALUES (1184, '江淮K5', NULL, 84, NULL, NULL, NULL, NULL, NULL, NULL, NULL);
INSERT INTO `t_car` VALUES (1185, '征途', NULL, 84, NULL, NULL, NULL, NULL, NULL, NULL, NULL);
INSERT INTO `t_car` VALUES (1186, '捷豹XFL', NULL, 44, NULL, NULL, NULL, NULL, NULL, NULL, NULL);
INSERT INTO `t_car` VALUES (1187, '捷豹XE', NULL, 44, NULL, NULL, NULL, NULL, NULL, NULL, NULL);
INSERT INTO `t_car` VALUES (1188, '捷豹XJ', NULL, 44, NULL, NULL, NULL, NULL, NULL, NULL, NULL);
INSERT INTO `t_car` VALUES (1189, '捷豹F-PACE', NULL, 44, NULL, NULL, NULL, NULL, NULL, NULL, NULL);
INSERT INTO `t_car` VALUES (1190, '捷豹F-TYPE', NULL, 44, NULL, NULL, NULL, NULL, NULL, NULL, NULL);
INSERT INTO `t_car` VALUES (1191, '捷豹XF', NULL, 44, NULL, NULL, NULL, NULL, NULL, NULL, NULL);
INSERT INTO `t_car` VALUES (1192, '捷豹E-PACE', NULL, 44, NULL, NULL, NULL, NULL, NULL, NULL, NULL);
INSERT INTO `t_car` VALUES (1193, '捷豹I-PACE', NULL, 44, NULL, NULL, NULL, NULL, NULL, NULL, NULL);
INSERT INTO `t_car` VALUES (1194, '捷豹C-X16', NULL, 44, NULL, NULL, NULL, NULL, NULL, NULL, NULL);
INSERT INTO `t_car` VALUES (1195, '捷豹C-X75', NULL, 44, NULL, NULL, NULL, NULL, NULL, NULL, NULL);
INSERT INTO `t_car` VALUES (1196, '捷豹E-Type', NULL, 44, NULL, NULL, NULL, NULL, NULL, NULL, NULL);
INSERT INTO `t_car` VALUES (1197, '捷豹XK', NULL, 44, NULL, NULL, NULL, NULL, NULL, NULL, NULL);
INSERT INTO `t_car` VALUES (1198, '捷豹X-Type', NULL, 44, NULL, NULL, NULL, NULL, NULL, NULL, NULL);
INSERT INTO `t_car` VALUES (1199, '捷豹S-Type', NULL, 44, NULL, NULL, NULL, NULL, NULL, NULL, NULL);
INSERT INTO `t_car` VALUES (1200, '捷豹C-Type', NULL, 44, NULL, NULL, NULL, NULL, NULL, NULL, NULL);
INSERT INTO `t_car` VALUES (1201, '捷豹D-Type', NULL, 44, NULL, NULL, NULL, NULL, NULL, NULL, NULL);
INSERT INTO `t_car` VALUES (1202, '金杯F50', NULL, 83, NULL, NULL, NULL, NULL, NULL, NULL, NULL);
INSERT INTO `t_car` VALUES (1203, '阁瑞斯', NULL, 83, NULL, NULL, NULL, NULL, NULL, NULL, NULL);
INSERT INTO `t_car` VALUES (1204, '金杯大海狮', NULL, 83, NULL, NULL, NULL, NULL, NULL, NULL, NULL);
INSERT INTO `t_car` VALUES (1205, '金杯海狮', NULL, 83, NULL, NULL, NULL, NULL, NULL, NULL, NULL);
INSERT INTO `t_car` VALUES (1206, '金杯快运', NULL, 83, NULL, NULL, NULL, NULL, NULL, NULL, NULL);
INSERT INTO `t_car` VALUES (1207, '金杯S50', NULL, 83, NULL, NULL, NULL, NULL, NULL, NULL, NULL);
INSERT INTO `t_car` VALUES (1208, '华晨金杯750', NULL, 83, NULL, NULL, NULL, NULL, NULL, NULL, NULL);
INSERT INTO `t_car` VALUES (1209, '海狮X30L', NULL, 83, NULL, NULL, NULL, NULL, NULL, NULL, NULL);
INSERT INTO `t_car` VALUES (1210, '海星A7', NULL, 83, NULL, NULL, NULL, NULL, NULL, NULL, NULL);
INSERT INTO `t_car` VALUES (1211, '海星A9', NULL, 83, NULL, NULL, NULL, NULL, NULL, NULL, NULL);
INSERT INTO `t_car` VALUES (1212, '小海狮X30', NULL, 83, NULL, NULL, NULL, NULL, NULL, NULL, NULL);
INSERT INTO `t_car` VALUES (1213, '海星T22', NULL, 83, NULL, NULL, NULL, NULL, NULL, NULL, NULL);
INSERT INTO `t_car` VALUES (1214, '金杯T30', NULL, 83, NULL, NULL, NULL, NULL, NULL, NULL, NULL);
INSERT INTO `t_car` VALUES (1215, '金杯T32', NULL, 83, NULL, NULL, NULL, NULL, NULL, NULL, NULL);
INSERT INTO `t_car` VALUES (1216, '金杯T52', NULL, 83, NULL, NULL, NULL, NULL, NULL, NULL, NULL);
INSERT INTO `t_car` VALUES (1217, '智尚S30', NULL, 83, NULL, NULL, NULL, NULL, NULL, NULL, NULL);
INSERT INTO `t_car` VALUES (1218, '智尚S35', NULL, 83, NULL, NULL, NULL, NULL, NULL, NULL, NULL);
INSERT INTO `t_car` VALUES (1219, '金杯S70', NULL, 83, NULL, NULL, NULL, NULL, NULL, NULL, NULL);
INSERT INTO `t_car` VALUES (1220, '西部牛仔', NULL, 83, NULL, NULL, NULL, NULL, NULL, NULL, NULL);
INSERT INTO `t_car` VALUES (1221, '大力神', NULL, 83, NULL, NULL, NULL, NULL, NULL, NULL, NULL);
INSERT INTO `t_car` VALUES (1222, '大力神K5', NULL, 83, NULL, NULL, NULL, NULL, NULL, NULL, NULL);
INSERT INTO `t_car` VALUES (1223, '金典', NULL, 83, NULL, NULL, NULL, NULL, NULL, NULL, NULL);
INSERT INTO `t_car` VALUES (1224, '雷龙', NULL, 83, NULL, NULL, NULL, NULL, NULL, NULL, NULL);
INSERT INTO `t_car` VALUES (1225, '金威', NULL, 145, NULL, NULL, NULL, NULL, NULL, NULL, NULL);
INSERT INTO `t_car` VALUES (1226, '凯歌', NULL, 145, NULL, NULL, NULL, NULL, NULL, NULL, NULL);
INSERT INTO `t_car` VALUES (1227, '凯特', NULL, 145, NULL, NULL, NULL, NULL, NULL, NULL, NULL);
INSERT INTO `t_car` VALUES (1228, '金旅大海狮新能源', NULL, 175, NULL, NULL, NULL, NULL, NULL, NULL, NULL);
INSERT INTO `t_car` VALUES (1229, '金旅海狮', NULL, 175, NULL, NULL, NULL, NULL, NULL, NULL, NULL);
INSERT INTO `t_car` VALUES (1230, '特顺', NULL, 119, NULL, NULL, NULL, NULL, NULL, NULL, NULL);
INSERT INTO `t_car` VALUES (1231, '宝典', NULL, 119, NULL, NULL, NULL, NULL, NULL, NULL, NULL);
INSERT INTO `t_car` VALUES (1232, '域虎', NULL, 119, NULL, NULL, NULL, NULL, NULL, NULL, NULL);
INSERT INTO `t_car` VALUES (1233, '江铃E100', NULL, 270, NULL, NULL, NULL, NULL, NULL, NULL, NULL);
INSERT INTO `t_car` VALUES (1234, '江铃E200S', NULL, 270, NULL, NULL, NULL, NULL, NULL, NULL, NULL);
INSERT INTO `t_car` VALUES (1235, '艾菲', NULL, 151, NULL, NULL, NULL, NULL, NULL, NULL, NULL);
INSERT INTO `t_car` VALUES (1236, '九龙A4', NULL, 151, NULL, NULL, NULL, NULL, NULL, NULL, NULL);
INSERT INTO `t_car` VALUES (1237, '九龙A5', NULL, 151, NULL, NULL, NULL, NULL, NULL, NULL, NULL);
INSERT INTO `t_car` VALUES (1238, '骐铃T3', NULL, 210, NULL, NULL, NULL, NULL, NULL, NULL, NULL);
INSERT INTO `t_car` VALUES (1239, '骐铃T5', NULL, 210, NULL, NULL, NULL, NULL, NULL, NULL, NULL);
INSERT INTO `t_car` VALUES (1240, '骐铃T7', NULL, 210, NULL, NULL, NULL, NULL, NULL, NULL, NULL);
INSERT INTO `t_car` VALUES (1241, '凯迪拉克ATS-L', NULL, 47, NULL, NULL, NULL, NULL, NULL, NULL, NULL);
INSERT INTO `t_car` VALUES (1242, '凯迪拉克CT6', NULL, 47, NULL, NULL, NULL, NULL, NULL, NULL, NULL);
INSERT INTO `t_car` VALUES (1243, '凯迪拉克XTS', 3, 47, '2019', NULL, 572.00, 1, 0, 'true', 1);
INSERT INTO `t_car` VALUES (1244, '凯迪拉克XT5', NULL, 47, NULL, NULL, NULL, NULL, NULL, NULL, NULL);
INSERT INTO `t_car` VALUES (1245, 'SLS赛威', NULL, 47, NULL, NULL, NULL, NULL, NULL, NULL, NULL);
INSERT INTO `t_car` VALUES (1246, '凯迪拉克CTS', NULL, 47, NULL, NULL, NULL, NULL, NULL, NULL, NULL);
INSERT INTO `t_car` VALUES (1247, '凯雷德ESCALADE', NULL, 47, NULL, NULL, NULL, NULL, NULL, NULL, NULL);
INSERT INTO `t_car` VALUES (1248, '凯迪拉克CTS(进口)', NULL, 47, NULL, NULL, NULL, NULL, NULL, NULL, NULL);
INSERT INTO `t_car` VALUES (1249, '凯迪拉克ATS(进口)', NULL, 47, NULL, NULL, NULL, NULL, NULL, NULL, NULL);
INSERT INTO `t_car` VALUES (1250, '凯迪拉克CT6(海外)', NULL, 47, NULL, NULL, NULL, NULL, NULL, NULL, NULL);
INSERT INTO `t_car` VALUES (1251, '凯迪拉克XTS(海外)', NULL, 47, NULL, NULL, NULL, NULL, NULL, NULL, NULL);
INSERT INTO `t_car` VALUES (1252, 'Ciel', NULL, 47, NULL, NULL, NULL, NULL, NULL, NULL, NULL);
INSERT INTO `t_car` VALUES (1253, 'Escala', NULL, 47, NULL, NULL, NULL, NULL, NULL, NULL, NULL);
INSERT INTO `t_car` VALUES (1254, '凯迪拉克XT5(海外)', NULL, 47, NULL, NULL, NULL, NULL, NULL, NULL, NULL);
INSERT INTO `t_car` VALUES (1255, 'Elmiraj', NULL, 47, NULL, NULL, NULL, NULL, NULL, NULL, NULL);
INSERT INTO `t_car` VALUES (1256, '凯迪拉克ELR', NULL, 47, NULL, NULL, NULL, NULL, NULL, NULL, NULL);
INSERT INTO `t_car` VALUES (1257, '凯迪拉克BLS', NULL, 47, NULL, NULL, NULL, NULL, NULL, NULL, NULL);
INSERT INTO `t_car` VALUES (1258, 'Seville', NULL, 47, NULL, NULL, NULL, NULL, NULL, NULL, NULL);
INSERT INTO `t_car` VALUES (1259, '凯迪拉克SLS(海外)', NULL, 47, NULL, NULL, NULL, NULL, NULL, NULL, NULL);
INSERT INTO `t_car` VALUES (1260, '凯迪拉克STS', NULL, 47, NULL, NULL, NULL, NULL, NULL, NULL, NULL);
INSERT INTO `t_car` VALUES (1261, 'Brougham', NULL, 47, NULL, NULL, NULL, NULL, NULL, NULL, NULL);
INSERT INTO `t_car` VALUES (1262, 'DeVille', NULL, 47, NULL, NULL, NULL, NULL, NULL, NULL, NULL);
INSERT INTO `t_car` VALUES (1263, '弗雷特伍德', NULL, 47, NULL, NULL, NULL, NULL, NULL, NULL, NULL);
INSERT INTO `t_car` VALUES (1264, '凯迪拉克SRX', NULL, 47, NULL, NULL, NULL, NULL, NULL, NULL, NULL);
INSERT INTO `t_car` VALUES (1265, '凯迪拉克XLR', NULL, 47, NULL, NULL, NULL, NULL, NULL, NULL, NULL);
INSERT INTO `t_car` VALUES (1266, '卡威K1', NULL, 199, NULL, NULL, NULL, NULL, NULL, NULL, NULL);
INSERT INTO `t_car` VALUES (1267, '卡威K150', NULL, 199, NULL, NULL, NULL, NULL, NULL, NULL, NULL);
INSERT INTO `t_car` VALUES (1268, '卡威W1', NULL, 199, NULL, NULL, NULL, NULL, NULL, NULL, NULL);
INSERT INTO `t_car` VALUES (1269, '开瑞K60', NULL, 101, NULL, NULL, NULL, NULL, NULL, NULL, NULL);
INSERT INTO `t_car` VALUES (1270, '开瑞K50', NULL, 101, NULL, NULL, NULL, NULL, NULL, NULL, NULL);
INSERT INTO `t_car` VALUES (1271, '优胜2代', NULL, 101, NULL, NULL, NULL, NULL, NULL, NULL, NULL);
INSERT INTO `t_car` VALUES (1272, '优雅2代', NULL, 101, NULL, NULL, NULL, NULL, NULL, NULL, NULL);
INSERT INTO `t_car` VALUES (1273, '优优', NULL, 101, NULL, NULL, NULL, NULL, NULL, NULL, NULL);
INSERT INTO `t_car` VALUES (1274, '优优2代', NULL, 101, NULL, NULL, NULL, NULL, NULL, NULL, NULL);
INSERT INTO `t_car` VALUES (1275, '优劲', NULL, 101, NULL, NULL, NULL, NULL, NULL, NULL, NULL);
INSERT INTO `t_car` VALUES (1276, '杰虎', NULL, 101, NULL, NULL, NULL, NULL, NULL, NULL, NULL);
INSERT INTO `t_car` VALUES (1277, '优雅', NULL, 101, NULL, NULL, NULL, NULL, NULL, NULL, NULL);
INSERT INTO `t_car` VALUES (1278, '开瑞K50EV', NULL, 101, NULL, NULL, NULL, NULL, NULL, NULL, NULL);
INSERT INTO `t_car` VALUES (1279, '优优EV', NULL, 101, NULL, NULL, NULL, NULL, NULL, NULL, NULL);
INSERT INTO `t_car` VALUES (1280, '优翼', NULL, 101, NULL, NULL, NULL, NULL, NULL, NULL, NULL);
INSERT INTO `t_car` VALUES (1281, '优派', NULL, 101, NULL, NULL, NULL, NULL, NULL, NULL, NULL);
INSERT INTO `t_car` VALUES (1282, '优胜', NULL, 101, NULL, NULL, NULL, NULL, NULL, NULL, NULL);
INSERT INTO `t_car` VALUES (1283, '凯翼X5', NULL, 214, NULL, NULL, NULL, NULL, NULL, NULL, NULL);
INSERT INTO `t_car` VALUES (1284, '凯翼C3', NULL, 214, NULL, NULL, NULL, NULL, NULL, NULL, NULL);
INSERT INTO `t_car` VALUES (1285, '凯翼C3R', NULL, 214, NULL, NULL, NULL, NULL, NULL, NULL, NULL);
INSERT INTO `t_car` VALUES (1286, '凯翼X3', NULL, 214, NULL, NULL, NULL, NULL, NULL, NULL, NULL);
INSERT INTO `t_car` VALUES (1287, '凯翼V3', NULL, 214, NULL, NULL, NULL, NULL, NULL, NULL, NULL);
INSERT INTO `t_car` VALUES (1288, '凯翼i-CX', NULL, 214, NULL, NULL, NULL, NULL, NULL, NULL, NULL);
INSERT INTO `t_car` VALUES (1289, '铂锐', NULL, 9, NULL, NULL, NULL, NULL, NULL, NULL, NULL);
INSERT INTO `t_car` VALUES (1290, '克莱斯勒300C', NULL, 9, NULL, NULL, NULL, NULL, NULL, NULL, NULL);
INSERT INTO `t_car` VALUES (1291, '大捷龙', NULL, 9, NULL, NULL, NULL, NULL, NULL, NULL, NULL);
INSERT INTO `t_car` VALUES (1292, '克莱斯勒300C(进口)', NULL, 9, NULL, NULL, NULL, NULL, NULL, NULL, NULL);
INSERT INTO `t_car` VALUES (1293, '大捷龙(进口)', NULL, 9, NULL, NULL, NULL, NULL, NULL, NULL, NULL);
INSERT INTO `t_car` VALUES (1294, '克莱斯勒200', NULL, 9, NULL, NULL, NULL, NULL, NULL, NULL, NULL);
INSERT INTO `t_car` VALUES (1295, 'Pacifica', NULL, 9, NULL, NULL, NULL, NULL, NULL, NULL, NULL);
INSERT INTO `t_car` VALUES (1296, 'Portal', NULL, 9, NULL, NULL, NULL, NULL, NULL, NULL, NULL);
INSERT INTO `t_car` VALUES (1297, 'Town and Country', NULL, 9, NULL, NULL, NULL, NULL, NULL, NULL, NULL);
INSERT INTO `t_car` VALUES (1298, 'PT 漫步者', NULL, 9, NULL, NULL, NULL, NULL, NULL, NULL, NULL);
INSERT INTO `t_car` VALUES (1299, '克莱斯勒200C', NULL, 9, NULL, NULL, NULL, NULL, NULL, NULL, NULL);
INSERT INTO `t_car` VALUES (1300, '克莱斯勒300C SRT', NULL, 9, NULL, NULL, NULL, NULL, NULL, NULL, NULL);
INSERT INTO `t_car` VALUES (1301, 'X-BOW', NULL, 109, NULL, NULL, NULL, NULL, NULL, NULL, NULL);
INSERT INTO `t_car` VALUES (1302, 'Agera', NULL, 100, NULL, NULL, NULL, NULL, NULL, NULL, NULL);
INSERT INTO `t_car` VALUES (1303, 'One:1', NULL, 100, NULL, NULL, NULL, NULL, NULL, NULL, NULL);
INSERT INTO `t_car` VALUES (1304, 'Regera', NULL, 100, NULL, NULL, NULL, NULL, NULL, NULL, NULL);
INSERT INTO `t_car` VALUES (1305, '科尼赛克CCR', NULL, 100, NULL, NULL, NULL, NULL, NULL, NULL, NULL);
INSERT INTO `t_car` VALUES (1306, '科尼赛克CCXR', NULL, 100, NULL, NULL, NULL, NULL, NULL, NULL, NULL);
INSERT INTO `t_car` VALUES (1307, '卡尔森 C25', NULL, 156, NULL, NULL, NULL, NULL, NULL, NULL, NULL);
INSERT INTO `t_car` VALUES (1308, '卡尔森 S级', NULL, 156, NULL, NULL, NULL, NULL, NULL, NULL, NULL);
INSERT INTO `t_car` VALUES (1309, '卡尔森 GL级', NULL, 156, NULL, NULL, NULL, NULL, NULL, NULL, NULL);
INSERT INTO `t_car` VALUES (1310, '战盾', NULL, 139, NULL, NULL, NULL, NULL, NULL, NULL, NULL);
INSERT INTO `t_car` VALUES (1311, '雷克萨斯CT', NULL, 52, NULL, NULL, NULL, NULL, NULL, NULL, NULL);
INSERT INTO `t_car` VALUES (1312, '雷克萨斯IS', NULL, 52, NULL, NULL, NULL, NULL, NULL, NULL, NULL);
INSERT INTO `t_car` VALUES (1313, '雷克萨斯ES', NULL, 52, NULL, NULL, NULL, NULL, NULL, NULL, NULL);
INSERT INTO `t_car` VALUES (1314, '雷克萨斯GS', NULL, 52, NULL, NULL, NULL, NULL, NULL, NULL, NULL);
INSERT INTO `t_car` VALUES (1315, '雷克萨斯LS', NULL, 52, NULL, NULL, NULL, NULL, NULL, NULL, NULL);
INSERT INTO `t_car` VALUES (1316, '雷克萨斯NX', NULL, 52, NULL, NULL, NULL, NULL, NULL, NULL, NULL);
INSERT INTO `t_car` VALUES (1317, '雷克萨斯GX', NULL, 52, NULL, NULL, NULL, NULL, NULL, NULL, NULL);
INSERT INTO `t_car` VALUES (1318, '雷克萨斯RX', NULL, 52, NULL, NULL, NULL, NULL, NULL, NULL, NULL);
INSERT INTO `t_car` VALUES (1319, '雷克萨斯LX', NULL, 52, NULL, NULL, NULL, NULL, NULL, NULL, NULL);
INSERT INTO `t_car` VALUES (1320, '雷克萨斯RC', NULL, 52, NULL, NULL, NULL, NULL, NULL, NULL, NULL);
INSERT INTO `t_car` VALUES (1321, '雷克萨斯LF-SA', NULL, 52, NULL, NULL, NULL, NULL, NULL, NULL, NULL);
INSERT INTO `t_car` VALUES (1322, '雷克萨斯LF-FC', NULL, 52, NULL, NULL, NULL, NULL, NULL, NULL, NULL);
INSERT INTO `t_car` VALUES (1323, '雷克萨斯UX', NULL, 52, NULL, NULL, NULL, NULL, NULL, NULL, NULL);
INSERT INTO `t_car` VALUES (1324, '雷克萨斯LC', NULL, 52, NULL, NULL, NULL, NULL, NULL, NULL, NULL);
INSERT INTO `t_car` VALUES (1325, '雷克萨斯LF-C2', NULL, 52, NULL, NULL, NULL, NULL, NULL, NULL, NULL);
INSERT INTO `t_car` VALUES (1326, '雷克萨斯HS', NULL, 52, NULL, NULL, NULL, NULL, NULL, NULL, NULL);
INSERT INTO `t_car` VALUES (1327, '雷克萨斯LF-Gh', NULL, 52, NULL, NULL, NULL, NULL, NULL, NULL, NULL);
INSERT INTO `t_car` VALUES (1328, '雷克萨斯LF-Xh', NULL, 52, NULL, NULL, NULL, NULL, NULL, NULL, NULL);
INSERT INTO `t_car` VALUES (1329, '雷克萨斯LF-NX', NULL, 52, NULL, NULL, NULL, NULL, NULL, NULL, NULL);
INSERT INTO `t_car` VALUES (1330, '雷克萨斯RX经典', NULL, 52, NULL, NULL, NULL, NULL, NULL, NULL, NULL);
INSERT INTO `t_car` VALUES (1331, '雷克萨斯LF-CC', NULL, 52, NULL, NULL, NULL, NULL, NULL, NULL, NULL);
INSERT INTO `t_car` VALUES (1332, '雷克萨斯SC', NULL, 52, NULL, NULL, NULL, NULL, NULL, NULL, NULL);
INSERT INTO `t_car` VALUES (1333, '雷克萨斯RC F', NULL, 52, NULL, NULL, NULL, NULL, NULL, NULL, NULL);
INSERT INTO `t_car` VALUES (1334, '雷克萨斯IS F', NULL, 52, NULL, NULL, NULL, NULL, NULL, NULL, NULL);
INSERT INTO `t_car` VALUES (1335, '雷克萨斯GS F', NULL, 52, NULL, NULL, NULL, NULL, NULL, NULL, NULL);
INSERT INTO `t_car` VALUES (1336, '雷克萨斯LFA', NULL, 52, NULL, NULL, NULL, NULL, NULL, NULL, NULL);
INSERT INTO `t_car` VALUES (1337, '发现神行', NULL, 49, NULL, NULL, NULL, NULL, NULL, NULL, NULL);
INSERT INTO `t_car` VALUES (1338, '揽胜极光', NULL, 49, NULL, NULL, NULL, NULL, NULL, NULL, NULL);
INSERT INTO `t_car` VALUES (1339, '揽胜星脉', NULL, 49, NULL, NULL, NULL, NULL, NULL, NULL, NULL);
INSERT INTO `t_car` VALUES (1340, '揽胜极光(进口)', NULL, 49, NULL, NULL, NULL, NULL, NULL, NULL, NULL);
INSERT INTO `t_car` VALUES (1341, '发现', 3, 49, NULL, NULL, 697.00, 0, 0, NULL, NULL);
INSERT INTO `t_car` VALUES (1342, '揽胜运动版', NULL, 49, NULL, NULL, NULL, NULL, NULL, NULL, NULL);
INSERT INTO `t_car` VALUES (1343, '揽胜', NULL, 49, NULL, NULL, NULL, NULL, NULL, NULL, NULL);
INSERT INTO `t_car` VALUES (1344, '路虎DC100', NULL, 49, NULL, NULL, NULL, NULL, NULL, NULL, NULL);
INSERT INTO `t_car` VALUES (1345, '发现神行(进口)', NULL, 49, NULL, NULL, NULL, NULL, NULL, NULL, NULL);
INSERT INTO `t_car` VALUES (1346, '卫士', NULL, 49, NULL, NULL, NULL, NULL, NULL, NULL, NULL);
INSERT INTO `t_car` VALUES (1347, '发现 Vision', NULL, 49, NULL, NULL, NULL, NULL, NULL, NULL, NULL);
INSERT INTO `t_car` VALUES (1348, '神行者2', NULL, 49, NULL, NULL, NULL, NULL, NULL, NULL, NULL);
INSERT INTO `t_car` VALUES (1349, 'Series I', NULL, 49, NULL, NULL, NULL, NULL, NULL, NULL, NULL);
INSERT INTO `t_car` VALUES (1350, '神行者', NULL, 49, NULL, NULL, NULL, NULL, NULL, NULL, NULL);
INSERT INTO `t_car` VALUES (1351, '北斗星', NULL, 53, NULL, NULL, NULL, NULL, NULL, NULL, NULL);
INSERT INTO `t_car` VALUES (1352, '北斗星X5', NULL, 53, NULL, NULL, NULL, NULL, NULL, NULL, NULL);
INSERT INTO `t_car` VALUES (1353, '利亚纳A6', NULL, 53, NULL, NULL, NULL, NULL, NULL, NULL, NULL);
INSERT INTO `t_car` VALUES (1354, '派喜', NULL, 53, NULL, NULL, NULL, NULL, NULL, NULL, NULL);
INSERT INTO `t_car` VALUES (1355, '利亚纳', NULL, 53, NULL, NULL, NULL, NULL, NULL, NULL, NULL);
INSERT INTO `t_car` VALUES (1356, '浪迪', NULL, 53, NULL, NULL, NULL, NULL, NULL, NULL, NULL);
INSERT INTO `t_car` VALUES (1357, '奥拓', NULL, 53, NULL, NULL, NULL, NULL, NULL, NULL, NULL);
INSERT INTO `t_car` VALUES (1358, '雨燕', NULL, 53, NULL, NULL, NULL, NULL, NULL, NULL, NULL);
INSERT INTO `t_car` VALUES (1359, '启悦', NULL, 53, NULL, NULL, NULL, NULL, NULL, NULL, NULL);
INSERT INTO `t_car` VALUES (1360, '天语 SX4', NULL, 53, NULL, NULL, NULL, NULL, NULL, NULL, NULL);
INSERT INTO `t_car` VALUES (1361, '维特拉', NULL, 53, NULL, NULL, NULL, NULL, NULL, NULL, NULL);
INSERT INTO `t_car` VALUES (1362, '骁途', NULL, 53, NULL, NULL, NULL, NULL, NULL, NULL, NULL);
INSERT INTO `t_car` VALUES (1363, '锋驭', NULL, 53, NULL, NULL, NULL, NULL, NULL, NULL, NULL);
INSERT INTO `t_car` VALUES (1364, '羚羊', NULL, 53, NULL, NULL, NULL, NULL, NULL, NULL, NULL);
INSERT INTO `t_car` VALUES (1365, '天语 尚悦', NULL, 53, NULL, NULL, NULL, NULL, NULL, NULL, NULL);
INSERT INTO `t_car` VALUES (1366, '凯泽西', NULL, 53, NULL, NULL, NULL, NULL, NULL, NULL, NULL);
INSERT INTO `t_car` VALUES (1367, '吉姆尼(进口)', NULL, 53, NULL, NULL, NULL, NULL, NULL, NULL, NULL);
INSERT INTO `t_car` VALUES (1368, '英格尼斯', NULL, 53, NULL, NULL, NULL, NULL, NULL, NULL, NULL);
INSERT INTO `t_car` VALUES (1369, '超级维特拉', NULL, 53, NULL, NULL, NULL, NULL, NULL, NULL, NULL);
INSERT INTO `t_car` VALUES (1370, '速翼特', NULL, 53, NULL, NULL, NULL, NULL, NULL, NULL, NULL);
INSERT INTO `t_car` VALUES (1371, 'CELERIO', NULL, 53, NULL, NULL, NULL, NULL, NULL, NULL, NULL);
INSERT INTO `t_car` VALUES (1372, '奥拓(海外)', NULL, 53, NULL, NULL, NULL, NULL, NULL, NULL, NULL);
INSERT INTO `t_car` VALUES (1373, '铃木G70', NULL, 53, NULL, NULL, NULL, NULL, NULL, NULL, NULL);
INSERT INTO `t_car` VALUES (1374, 'Splash(海外)', NULL, 53, NULL, NULL, NULL, NULL, NULL, NULL, NULL);
INSERT INTO `t_car` VALUES (1375, '铃木iK-2', NULL, 53, NULL, NULL, NULL, NULL, NULL, NULL, NULL);
INSERT INTO `t_car` VALUES (1376, 'ALIVIO(海外)', NULL, 53, NULL, NULL, NULL, NULL, NULL, NULL, NULL);
INSERT INTO `t_car` VALUES (1377, 'Authentics(海外)', NULL, 53, NULL, NULL, NULL, NULL, NULL, NULL, NULL);
INSERT INTO `t_car` VALUES (1378, 'Baleno', NULL, 53, NULL, NULL, NULL, NULL, NULL, NULL, NULL);
INSERT INTO `t_car` VALUES (1379, 'VITARA(海外)', NULL, 53, NULL, NULL, NULL, NULL, NULL, NULL, NULL);
INSERT INTO `t_car` VALUES (1380, '锋驭(海外)', NULL, 53, NULL, NULL, NULL, NULL, NULL, NULL, NULL);
INSERT INTO `t_car` VALUES (1381, '铃木iM-4', NULL, 53, NULL, NULL, NULL, NULL, NULL, NULL, NULL);
INSERT INTO `t_car` VALUES (1382, '铃木iV-4', NULL, 53, NULL, NULL, NULL, NULL, NULL, NULL, NULL);
INSERT INTO `t_car` VALUES (1383, 'S-CROSS', NULL, 53, NULL, NULL, NULL, NULL, NULL, NULL, NULL);
INSERT INTO `t_car` VALUES (1384, '铃木SX4(海外)', NULL, 53, NULL, NULL, NULL, NULL, NULL, NULL, NULL);
INSERT INTO `t_car` VALUES (1385, '科雷傲', NULL, 10, NULL, NULL, NULL, NULL, NULL, NULL, NULL);
INSERT INTO `t_car` VALUES (1386, '科雷嘉', NULL, 10, NULL, NULL, NULL, NULL, NULL, NULL, NULL);
INSERT INTO `t_car` VALUES (1387, '风朗', NULL, 10, NULL, NULL, NULL, NULL, NULL, NULL, NULL);
INSERT INTO `t_car` VALUES (1388, '纬度', NULL, 10, NULL, NULL, NULL, NULL, NULL, NULL, NULL);
INSERT INTO `t_car` VALUES (1389, '卡缤', NULL, 10, NULL, NULL, NULL, NULL, NULL, NULL, NULL);
INSERT INTO `t_car` VALUES (1390, '梅甘娜', NULL, 10, NULL, NULL, NULL, NULL, NULL, NULL, NULL);
INSERT INTO `t_car` VALUES (1391, 'Twingo', NULL, 10, NULL, NULL, NULL, NULL, NULL, NULL, NULL);
INSERT INTO `t_car` VALUES (1392, 'Twizy', NULL, 10, NULL, NULL, NULL, NULL, NULL, NULL, NULL);
INSERT INTO `t_car` VALUES (1393, '雷诺ZOE', NULL, 10, NULL, NULL, NULL, NULL, NULL, NULL, NULL);
INSERT INTO `t_car` VALUES (1394, 'Clio', NULL, 10, NULL, NULL, NULL, NULL, NULL, NULL, NULL);
INSERT INTO `t_car` VALUES (1395, 'Eolab', NULL, 10, NULL, NULL, NULL, NULL, NULL, NULL, NULL);
INSERT INTO `t_car` VALUES (1396, 'Kwid', NULL, 10, NULL, NULL, NULL, NULL, NULL, NULL, NULL);
INSERT INTO `t_car` VALUES (1397, '塔利斯曼', NULL, 10, NULL, NULL, NULL, NULL, NULL, NULL, NULL);
INSERT INTO `t_car` VALUES (1398, '科雷傲(进口)', NULL, 10, NULL, NULL, NULL, NULL, NULL, NULL, NULL);
INSERT INTO `t_car` VALUES (1399, '科雷嘉(海外)', NULL, 10, NULL, NULL, NULL, NULL, NULL, NULL, NULL);
INSERT INTO `t_car` VALUES (1400, 'Espace', NULL, 10, NULL, NULL, NULL, NULL, NULL, NULL, NULL);
INSERT INTO `t_car` VALUES (1401, 'Initiale', NULL, 10, NULL, NULL, NULL, NULL, NULL, NULL, NULL);
INSERT INTO `t_car` VALUES (1402, '风景', NULL, 10, NULL, NULL, NULL, NULL, NULL, NULL, NULL);
INSERT INTO `t_car` VALUES (1403, 'Alpine A110-50', NULL, 10, NULL, NULL, NULL, NULL, NULL, NULL, NULL);
INSERT INTO `t_car` VALUES (1404, 'Alpine Vision', NULL, 10, NULL, NULL, NULL, NULL, NULL, NULL, NULL);
INSERT INTO `t_car` VALUES (1405, 'TREZOR', NULL, 10, NULL, NULL, NULL, NULL, NULL, NULL, NULL);
INSERT INTO `t_car` VALUES (1406, 'Alaskan', NULL, 10, NULL, NULL, NULL, NULL, NULL, NULL, NULL);
INSERT INTO `t_car` VALUES (1407, '拉古那', NULL, 10, NULL, NULL, NULL, NULL, NULL, NULL, NULL);
INSERT INTO `t_car` VALUES (1408, '威赛帝', NULL, 10, NULL, NULL, NULL, NULL, NULL, NULL, NULL);
INSERT INTO `t_car` VALUES (1409, 'DeZir', NULL, 10, NULL, NULL, NULL, NULL, NULL, NULL, NULL);
INSERT INTO `t_car` VALUES (1410, 'Wind', NULL, 10, NULL, NULL, NULL, NULL, NULL, NULL, NULL);
INSERT INTO `t_car` VALUES (1411, '力帆620EV', NULL, 80, NULL, NULL, NULL, NULL, NULL, NULL, NULL);
INSERT INTO `t_car` VALUES (1412, '力帆820', NULL, 80, NULL, NULL, NULL, NULL, NULL, NULL, NULL);
INSERT INTO `t_car` VALUES (1413, '力帆X50', NULL, 80, NULL, NULL, NULL, NULL, NULL, NULL, NULL);
INSERT INTO `t_car` VALUES (1414, '力帆X60', NULL, 80, NULL, NULL, NULL, NULL, NULL, NULL, NULL);
INSERT INTO `t_car` VALUES (1415, '迈威', NULL, 80, NULL, NULL, NULL, NULL, NULL, NULL, NULL);
INSERT INTO `t_car` VALUES (1416, '力帆X80', NULL, 80, NULL, NULL, NULL, NULL, NULL, NULL, NULL);
INSERT INTO `t_car` VALUES (1417, '轩朗', NULL, 80, NULL, NULL, NULL, NULL, NULL, NULL, NULL);
INSERT INTO `t_car` VALUES (1418, '丰顺', NULL, 80, NULL, NULL, NULL, NULL, NULL, NULL, NULL);
INSERT INTO `t_car` VALUES (1419, '福顺', NULL, 80, NULL, NULL, NULL, NULL, NULL, NULL, NULL);
INSERT INTO `t_car` VALUES (1420, '乐途', NULL, 80, NULL, NULL, NULL, NULL, NULL, NULL, NULL);
INSERT INTO `t_car` VALUES (1421, '兴顺', NULL, 80, NULL, NULL, NULL, NULL, NULL, NULL, NULL);
INSERT INTO `t_car` VALUES (1422, '力帆T11', NULL, 80, NULL, NULL, NULL, NULL, NULL, NULL, NULL);
INSERT INTO `t_car` VALUES (1423, '力帆X70', NULL, 80, NULL, NULL, NULL, NULL, NULL, NULL, NULL);
INSERT INTO `t_car` VALUES (1424, '力帆320', NULL, 80, NULL, NULL, NULL, NULL, NULL, NULL, NULL);
INSERT INTO `t_car` VALUES (1425, '力帆330', NULL, 80, NULL, NULL, NULL, NULL, NULL, NULL, NULL);
INSERT INTO `t_car` VALUES (1426, '力帆530', NULL, 80, NULL, NULL, NULL, NULL, NULL, NULL, NULL);
INSERT INTO `t_car` VALUES (1427, '力帆520', NULL, 80, NULL, NULL, NULL, NULL, NULL, NULL, NULL);
INSERT INTO `t_car` VALUES (1428, '力帆620', NULL, 80, NULL, NULL, NULL, NULL, NULL, NULL, NULL);
INSERT INTO `t_car` VALUES (1429, '力帆630', NULL, 80, NULL, NULL, NULL, NULL, NULL, NULL, NULL);
INSERT INTO `t_car` VALUES (1430, '力帆720', NULL, 80, NULL, NULL, NULL, NULL, NULL, NULL, NULL);
INSERT INTO `t_car` VALUES (1431, '猎豹CS9', NULL, 78, NULL, NULL, NULL, NULL, NULL, NULL, NULL);
INSERT INTO `t_car` VALUES (1432, '猎豹CS10', NULL, 78, NULL, NULL, NULL, NULL, NULL, NULL, NULL);
INSERT INTO `t_car` VALUES (1433, '黑金刚', NULL, 78, NULL, NULL, NULL, NULL, NULL, NULL, NULL);
INSERT INTO `t_car` VALUES (1434, '猎豹Q6', NULL, 78, NULL, NULL, NULL, NULL, NULL, NULL, NULL);
INSERT INTO `t_car` VALUES (1435, '猎豹CT7', NULL, 78, NULL, NULL, NULL, NULL, NULL, NULL, NULL);
INSERT INTO `t_car` VALUES (1436, '飞腾', NULL, 78, NULL, NULL, NULL, NULL, NULL, NULL, NULL);
INSERT INTO `t_car` VALUES (1437, '欧酷曼', NULL, 78, NULL, NULL, NULL, NULL, NULL, NULL, NULL);
INSERT INTO `t_car` VALUES (1438, '猎豹CS7', NULL, 78, NULL, NULL, NULL, NULL, NULL, NULL, NULL);
INSERT INTO `t_car` VALUES (1439, '飞腾C5', NULL, 78, NULL, NULL, NULL, NULL, NULL, NULL, NULL);
INSERT INTO `t_car` VALUES (1440, '猎豹6481', NULL, 78, NULL, NULL, NULL, NULL, NULL, NULL, NULL);
INSERT INTO `t_car` VALUES (1441, '猎豹CS6', NULL, 78, NULL, NULL, NULL, NULL, NULL, NULL, NULL);
INSERT INTO `t_car` VALUES (1442, '骐菱', NULL, 78, NULL, NULL, NULL, NULL, NULL, NULL, NULL);
INSERT INTO `t_car` VALUES (1443, '飞铃', NULL, 78, NULL, NULL, NULL, NULL, NULL, NULL, NULL);
INSERT INTO `t_car` VALUES (1444, '飞扬', NULL, 78, NULL, NULL, NULL, NULL, NULL, NULL, NULL);
INSERT INTO `t_car` VALUES (1445, '猎豹CT5', NULL, 78, NULL, NULL, NULL, NULL, NULL, NULL, NULL);
INSERT INTO `t_car` VALUES (1446, '林肯MKZ', NULL, 51, NULL, NULL, NULL, NULL, NULL, NULL, NULL);
INSERT INTO `t_car` VALUES (1447, '林肯大陆', NULL, 51, NULL, NULL, NULL, NULL, NULL, NULL, NULL);
INSERT INTO `t_car` VALUES (1448, '林肯MKC', NULL, 51, NULL, NULL, NULL, NULL, NULL, NULL, NULL);
INSERT INTO `t_car` VALUES (1449, '林肯MKX', NULL, 51, NULL, NULL, NULL, NULL, NULL, NULL, NULL);
INSERT INTO `t_car` VALUES (1450, '领航员', NULL, 51, NULL, NULL, NULL, NULL, NULL, NULL, NULL);
INSERT INTO `t_car` VALUES (1451, '林肯MKS', NULL, 51, NULL, NULL, NULL, NULL, NULL, NULL, NULL);
INSERT INTO `t_car` VALUES (1452, '林肯MKT', NULL, 51, NULL, NULL, NULL, NULL, NULL, NULL, NULL);
INSERT INTO `t_car` VALUES (1453, '林肯C', NULL, 51, NULL, NULL, NULL, NULL, NULL, NULL, NULL);
INSERT INTO `t_car` VALUES (1454, '城市', NULL, 51, NULL, NULL, NULL, NULL, NULL, NULL, NULL);
INSERT INTO `t_car` VALUES (1455, '幻影', NULL, 54, NULL, NULL, NULL, NULL, NULL, NULL, NULL);
INSERT INTO `t_car` VALUES (1456, '古思特', NULL, 54, NULL, NULL, NULL, NULL, NULL, NULL, NULL);
INSERT INTO `t_car` VALUES (1457, '魅影', NULL, 54, NULL, NULL, NULL, NULL, NULL, NULL, NULL);
INSERT INTO `t_car` VALUES (1458, '曜影', NULL, 54, NULL, NULL, NULL, NULL, NULL, NULL, NULL);
INSERT INTO `t_car` VALUES (1459, 'Silver Shadow', NULL, 54, NULL, NULL, NULL, NULL, NULL, NULL, NULL);
INSERT INTO `t_car` VALUES (1460, '陆风X2', NULL, 88, NULL, NULL, NULL, NULL, NULL, NULL, NULL);
INSERT INTO `t_car` VALUES (1461, '陆风X5', NULL, 88, NULL, NULL, NULL, NULL, NULL, NULL, NULL);
INSERT INTO `t_car` VALUES (1462, '陆风X7', NULL, 88, NULL, NULL, NULL, NULL, NULL, NULL, NULL);
INSERT INTO `t_car` VALUES (1463, '陆风X8', NULL, 88, NULL, NULL, NULL, NULL, NULL, NULL, NULL);
INSERT INTO `t_car` VALUES (1464, '逍遥', NULL, 88, NULL, NULL, NULL, NULL, NULL, NULL, NULL);
INSERT INTO `t_car` VALUES (1465, '风华', NULL, 88, NULL, NULL, NULL, NULL, NULL, NULL, NULL);
INSERT INTO `t_car` VALUES (1466, '陆风X6', NULL, 88, NULL, NULL, NULL, NULL, NULL, NULL, NULL);
INSERT INTO `t_car` VALUES (1467, '陆风X9', NULL, 88, NULL, NULL, NULL, NULL, NULL, NULL, NULL);
INSERT INTO `t_car` VALUES (1468, '风尚', NULL, 88, NULL, NULL, NULL, NULL, NULL, NULL, NULL);
INSERT INTO `t_car` VALUES (1469, 'Huracan', NULL, 48, NULL, NULL, NULL, NULL, NULL, NULL, NULL);
INSERT INTO `t_car` VALUES (1470, 'Aventador', NULL, 48, NULL, NULL, NULL, NULL, NULL, NULL, NULL);
INSERT INTO `t_car` VALUES (1471, 'Urus', NULL, 48, NULL, NULL, NULL, NULL, NULL, NULL, NULL);
INSERT INTO `t_car` VALUES (1472, 'Asterion', NULL, 48, NULL, NULL, NULL, NULL, NULL, NULL, NULL);
INSERT INTO `t_car` VALUES (1473, 'Centenario', NULL, 48, NULL, NULL, NULL, NULL, NULL, NULL, NULL);
INSERT INTO `t_car` VALUES (1474, 'Diablo', NULL, 48, NULL, NULL, NULL, NULL, NULL, NULL, NULL);
INSERT INTO `t_car` VALUES (1475, 'Egoista', NULL, 48, NULL, NULL, NULL, NULL, NULL, NULL, NULL);
INSERT INTO `t_car` VALUES (1476, 'Veneno', NULL, 48, NULL, NULL, NULL, NULL, NULL, NULL, NULL);
INSERT INTO `t_car` VALUES (1477, '兰博基尼LM002', NULL, 48, NULL, NULL, NULL, NULL, NULL, NULL, NULL);
INSERT INTO `t_car` VALUES (1478, 'Estoque', NULL, 48, NULL, NULL, NULL, NULL, NULL, NULL, NULL);
INSERT INTO `t_car` VALUES (1479, 'Gallardo', NULL, 48, NULL, NULL, NULL, NULL, NULL, NULL, NULL);
INSERT INTO `t_car` VALUES (1480, 'Murcielago', NULL, 48, NULL, NULL, NULL, NULL, NULL, NULL, NULL);
INSERT INTO `t_car` VALUES (1481, 'Reventon', NULL, 48, NULL, NULL, NULL, NULL, NULL, NULL, NULL);
INSERT INTO `t_car` VALUES (1482, 'Sesto Elemento', NULL, 48, NULL, NULL, NULL, NULL, NULL, NULL, NULL);
INSERT INTO `t_car` VALUES (1483, 'Elise', NULL, 50, NULL, NULL, NULL, NULL, NULL, NULL, NULL);
INSERT INTO `t_car` VALUES (1484, 'Evora', NULL, 50, NULL, NULL, NULL, NULL, NULL, NULL, NULL);
INSERT INTO `t_car` VALUES (1485, 'Exige', NULL, 50, NULL, NULL, NULL, NULL, NULL, NULL, NULL);
INSERT INTO `t_car` VALUES (1486, 'Elan', NULL, 50, NULL, NULL, NULL, NULL, NULL, NULL, NULL);
INSERT INTO `t_car` VALUES (1487, 'Elite', NULL, 50, NULL, NULL, NULL, NULL, NULL, NULL, NULL);
INSERT INTO `t_car` VALUES (1488, 'Esprit', NULL, 50, NULL, NULL, NULL, NULL, NULL, NULL, NULL);
INSERT INTO `t_car` VALUES (1489, 'Europa', NULL, 50, NULL, NULL, NULL, NULL, NULL, NULL, NULL);
INSERT INTO `t_car` VALUES (1490, '理念S1', NULL, 124, NULL, NULL, NULL, NULL, NULL, NULL, NULL);
INSERT INTO `t_car` VALUES (1491, '莲花L6', NULL, 89, NULL, NULL, NULL, NULL, NULL, NULL, NULL);
INSERT INTO `t_car` VALUES (1492, '莲花T5', NULL, 89, NULL, NULL, NULL, NULL, NULL, NULL, NULL);
INSERT INTO `t_car` VALUES (1493, '竞速', NULL, 89, NULL, NULL, NULL, NULL, NULL, NULL, NULL);
INSERT INTO `t_car` VALUES (1494, '竞悦', NULL, 89, NULL, NULL, NULL, NULL, NULL, NULL, NULL);
INSERT INTO `t_car` VALUES (1495, '莲花L3', NULL, 89, NULL, NULL, NULL, NULL, NULL, NULL, NULL);
INSERT INTO `t_car` VALUES (1496, '莲花L5', NULL, 89, NULL, NULL, NULL, NULL, NULL, NULL, NULL);
INSERT INTO `t_car` VALUES (1497, 'LeSEE', NULL, 265, NULL, NULL, NULL, NULL, NULL, NULL, NULL);
INSERT INTO `t_car` VALUES (1498, 'Ypsilon', NULL, 121, NULL, NULL, NULL, NULL, NULL, NULL, NULL);
INSERT INTO `t_car` VALUES (1499, '朗世', NULL, 183, NULL, NULL, NULL, NULL, NULL, NULL, NULL);
INSERT INTO `t_car` VALUES (1500, '领克03', NULL, 279, NULL, NULL, NULL, NULL, NULL, NULL, NULL);
INSERT INTO `t_car` VALUES (1501, 'LYNK概念车', NULL, 279, NULL, NULL, NULL, NULL, NULL, NULL, NULL);
INSERT INTO `t_car` VALUES (1502, '01概念车', NULL, 279, NULL, NULL, NULL, NULL, NULL, NULL, NULL);
INSERT INTO `t_car` VALUES (1503, '领克01', NULL, 279, NULL, NULL, NULL, NULL, NULL, NULL, NULL);
INSERT INTO `t_car` VALUES (1504, '领志i1', NULL, 225, NULL, NULL, NULL, NULL, NULL, NULL, NULL);
INSERT INTO `t_car` VALUES (1505, '马自达3 Axela昂克赛拉', NULL, 58, NULL, NULL, NULL, NULL, NULL, NULL, NULL);
INSERT INTO `t_car` VALUES (1506, '马自达3星骋', NULL, 58, NULL, NULL, NULL, NULL, NULL, NULL, NULL);
INSERT INTO `t_car` VALUES (1507, '马自达CX-5', NULL, 58, NULL, NULL, NULL, NULL, NULL, NULL, NULL);
INSERT INTO `t_car` VALUES (1508, '马自达2', NULL, 58, NULL, NULL, NULL, NULL, NULL, NULL, NULL);
INSERT INTO `t_car` VALUES (1509, '马自达2劲翔', NULL, 58, NULL, NULL, NULL, NULL, NULL, NULL, NULL);
INSERT INTO `t_car` VALUES (1510, '马自达3', NULL, 58, NULL, NULL, NULL, NULL, NULL, NULL, NULL);
INSERT INTO `t_car` VALUES (1511, '阿特兹', NULL, 58, NULL, NULL, NULL, NULL, NULL, NULL, NULL);
INSERT INTO `t_car` VALUES (1512, '马自达CX-4', NULL, 58, NULL, NULL, NULL, NULL, NULL, NULL, NULL);
INSERT INTO `t_car` VALUES (1513, '马自达6', NULL, 58, NULL, NULL, NULL, NULL, NULL, NULL, NULL);
INSERT INTO `t_car` VALUES (1514, '睿翼', NULL, 58, NULL, NULL, NULL, NULL, NULL, NULL, NULL);
INSERT INTO `t_car` VALUES (1515, '马自达CX-7', NULL, 58, NULL, NULL, NULL, NULL, NULL, NULL, NULL);
INSERT INTO `t_car` VALUES (1516, '马自达8', NULL, 58, NULL, NULL, NULL, NULL, NULL, NULL, NULL);
INSERT INTO `t_car` VALUES (1517, '马自达MX-5', NULL, 58, NULL, NULL, NULL, NULL, NULL, NULL, NULL);
INSERT INTO `t_car` VALUES (1518, 'Hazumi', NULL, 58, NULL, NULL, NULL, NULL, NULL, NULL, NULL);
INSERT INTO `t_car` VALUES (1519, '马自达2(海外)', NULL, 58, NULL, NULL, NULL, NULL, NULL, NULL, NULL);
INSERT INTO `t_car` VALUES (1520, '马自达3(进口)', NULL, 58, NULL, NULL, NULL, NULL, NULL, NULL, NULL);
INSERT INTO `t_car` VALUES (1521, 'ATENZA', NULL, 58, NULL, NULL, NULL, NULL, NULL, NULL, NULL);
INSERT INTO `t_car` VALUES (1522, 'Takeri', NULL, 58, NULL, NULL, NULL, NULL, NULL, NULL, NULL);
INSERT INTO `t_car` VALUES (1523, '马自达6(进口)', NULL, 58, NULL, NULL, NULL, NULL, NULL, NULL, NULL);
INSERT INTO `t_car` VALUES (1524, '马自达CX-3', NULL, 58, NULL, NULL, NULL, NULL, NULL, NULL, NULL);
INSERT INTO `t_car` VALUES (1525, 'KOERU越', NULL, 58, NULL, NULL, NULL, NULL, NULL, NULL, NULL);
INSERT INTO `t_car` VALUES (1526, 'Minagi', NULL, 58, NULL, NULL, NULL, NULL, NULL, NULL, NULL);
INSERT INTO `t_car` VALUES (1527, '马自达CX-5(进口)', NULL, 58, NULL, NULL, NULL, NULL, NULL, NULL, NULL);
INSERT INTO `t_car` VALUES (1528, '马自达CX-9', NULL, 58, NULL, NULL, NULL, NULL, NULL, NULL, NULL);
INSERT INTO `t_car` VALUES (1529, '马自达RX-VISION', NULL, 58, NULL, NULL, NULL, NULL, NULL, NULL, NULL);
INSERT INTO `t_car` VALUES (1530, 'Shinari', NULL, 58, NULL, NULL, NULL, NULL, NULL, NULL, NULL);
INSERT INTO `t_car` VALUES (1531, '马自达CX-7(进口)', NULL, 58, NULL, NULL, NULL, NULL, NULL, NULL, NULL);
INSERT INTO `t_car` VALUES (1532, '马自达5', NULL, 58, NULL, NULL, NULL, NULL, NULL, NULL, NULL);
INSERT INTO `t_car` VALUES (1533, '马自达8(进口)', NULL, 58, NULL, NULL, NULL, NULL, NULL, NULL, NULL);
INSERT INTO `t_car` VALUES (1534, '马自达RX-7', NULL, 58, NULL, NULL, NULL, NULL, NULL, NULL, NULL);
INSERT INTO `t_car` VALUES (1535, '马自达RX-8', NULL, 58, NULL, NULL, NULL, NULL, NULL, NULL, NULL);
INSERT INTO `t_car` VALUES (1536, '名爵3', NULL, 20, NULL, NULL, NULL, NULL, NULL, NULL, NULL);
INSERT INTO `t_car` VALUES (1537, '名爵3SW', NULL, 20, NULL, NULL, NULL, NULL, NULL, NULL, NULL);
INSERT INTO `t_car` VALUES (1538, '名爵6', NULL, 20, NULL, NULL, NULL, NULL, NULL, NULL, NULL);
INSERT INTO `t_car` VALUES (1539, '锐行', NULL, 20, NULL, NULL, NULL, NULL, NULL, NULL, NULL);
INSERT INTO `t_car` VALUES (1540, '名爵ZS', NULL, 20, NULL, NULL, NULL, NULL, NULL, NULL, NULL);
INSERT INTO `t_car` VALUES (1541, '锐腾', NULL, 20, NULL, NULL, NULL, NULL, NULL, NULL, NULL);
INSERT INTO `t_car` VALUES (1542, 'ICON', NULL, 20, NULL, NULL, NULL, NULL, NULL, NULL, NULL);
INSERT INTO `t_car` VALUES (1543, '名爵iGS', NULL, 20, NULL, NULL, NULL, NULL, NULL, NULL, NULL);
INSERT INTO `t_car` VALUES (1544, '名爵E-motion', NULL, 20, NULL, NULL, NULL, NULL, NULL, NULL, NULL);
INSERT INTO `t_car` VALUES (1545, '名爵5', NULL, 20, NULL, NULL, NULL, NULL, NULL, NULL, NULL);
INSERT INTO `t_car` VALUES (1546, '名爵7', NULL, 20, NULL, NULL, NULL, NULL, NULL, NULL, NULL);
INSERT INTO `t_car` VALUES (1547, '名爵TF', NULL, 20, NULL, NULL, NULL, NULL, NULL, NULL, NULL);
INSERT INTO `t_car` VALUES (1548, 'Ghibli', NULL, 57, NULL, NULL, NULL, NULL, NULL, NULL, NULL);
INSERT INTO `t_car` VALUES (1549, '总裁', NULL, 57, NULL, NULL, NULL, NULL, NULL, NULL, NULL);
INSERT INTO `t_car` VALUES (1550, 'Levante', NULL, 57, NULL, NULL, NULL, NULL, NULL, NULL, NULL);
INSERT INTO `t_car` VALUES (1551, 'GranTurismo', NULL, 57, NULL, NULL, NULL, NULL, NULL, NULL, NULL);
INSERT INTO `t_car` VALUES (1552, 'GranCabrio', NULL, 57, NULL, NULL, NULL, NULL, NULL, NULL, NULL);
INSERT INTO `t_car` VALUES (1553, 'Alfieri', NULL, 57, NULL, NULL, NULL, NULL, NULL, NULL, NULL);
INSERT INTO `t_car` VALUES (1554, 'Coupe', NULL, 57, NULL, NULL, NULL, NULL, NULL, NULL, NULL);
INSERT INTO `t_car` VALUES (1555, '玛莎拉蒂MC12', NULL, 57, NULL, NULL, NULL, NULL, NULL, NULL, NULL);
INSERT INTO `t_car` VALUES (1556, '玛莎拉蒂Spyder', NULL, 57, NULL, NULL, NULL, NULL, NULL, NULL, NULL);
INSERT INTO `t_car` VALUES (1557, 'MINI', NULL, 56, NULL, NULL, NULL, NULL, NULL, NULL, NULL);
INSERT INTO `t_car` VALUES (1558, 'MINI CLUBMAN', NULL, 56, NULL, NULL, NULL, NULL, NULL, NULL, NULL);
INSERT INTO `t_car` VALUES (1559, 'MINI COUNTRYMAN', NULL, 56, NULL, NULL, NULL, NULL, NULL, NULL, NULL);
INSERT INTO `t_car` VALUES (1560, 'MINI ROCKETMAN', NULL, 56, NULL, NULL, NULL, NULL, NULL, NULL, NULL);
INSERT INTO `t_car` VALUES (1561, 'MINI CLUBVAN', NULL, 56, NULL, NULL, NULL, NULL, NULL, NULL, NULL);
INSERT INTO `t_car` VALUES (1562, 'MINI VISION Next100', NULL, 56, NULL, NULL, NULL, NULL, NULL, NULL, NULL);
INSERT INTO `t_car` VALUES (1563, 'MINI Superleggera Vision', NULL, 56, NULL, NULL, NULL, NULL, NULL, NULL, NULL);
INSERT INTO `t_car` VALUES (1564, 'MINI ROADSTER', NULL, 56, NULL, NULL, NULL, NULL, NULL, NULL, NULL);
INSERT INTO `t_car` VALUES (1565, 'MINI PACEMAN', NULL, 56, NULL, NULL, NULL, NULL, NULL, NULL, NULL);
INSERT INTO `t_car` VALUES (1566, 'MINI COUPE', NULL, 56, NULL, NULL, NULL, NULL, NULL, NULL, NULL);
INSERT INTO `t_car` VALUES (1567, 'MINI JCW', NULL, 56, NULL, NULL, NULL, NULL, NULL, NULL, NULL);
INSERT INTO `t_car` VALUES (1568, 'MINI JCW CLUBMAN', NULL, 56, NULL, NULL, NULL, NULL, NULL, NULL, NULL);
INSERT INTO `t_car` VALUES (1569, 'MINI JCW COUNTRYMAN', NULL, 56, NULL, NULL, NULL, NULL, NULL, NULL, NULL);
INSERT INTO `t_car` VALUES (1570, 'MINI JCW PACEMAN', NULL, 56, NULL, NULL, NULL, NULL, NULL, NULL, NULL);
INSERT INTO `t_car` VALUES (1571, 'MINI JCW COUPE', NULL, 56, NULL, NULL, NULL, NULL, NULL, NULL, NULL);
INSERT INTO `t_car` VALUES (1572, '迈凯伦P1', NULL, 129, NULL, NULL, NULL, NULL, NULL, NULL, NULL);
INSERT INTO `t_car` VALUES (1573, '迈凯伦540C', NULL, 129, NULL, NULL, NULL, NULL, NULL, NULL, NULL);
INSERT INTO `t_car` VALUES (1574, '迈凯伦570GT', NULL, 129, NULL, NULL, NULL, NULL, NULL, NULL, NULL);
INSERT INTO `t_car` VALUES (1575, '迈凯伦570S', NULL, 129, NULL, NULL, NULL, NULL, NULL, NULL, NULL);
INSERT INTO `t_car` VALUES (1576, '迈凯伦625C', NULL, 129, NULL, NULL, NULL, NULL, NULL, NULL, NULL);
INSERT INTO `t_car` VALUES (1577, '迈凯伦650S', NULL, 129, NULL, NULL, NULL, NULL, NULL, NULL, NULL);
INSERT INTO `t_car` VALUES (1578, '迈凯伦675LT', NULL, 129, NULL, NULL, NULL, NULL, NULL, NULL, NULL);
INSERT INTO `t_car` VALUES (1579, '迈凯伦720S', NULL, 129, NULL, NULL, NULL, NULL, NULL, NULL, NULL);
INSERT INTO `t_car` VALUES (1580, '迈凯伦12C', NULL, 129, NULL, NULL, NULL, NULL, NULL, NULL, NULL);
INSERT INTO `t_car` VALUES (1581, '迈凯伦F1', NULL, 129, NULL, NULL, NULL, NULL, NULL, NULL, NULL);
INSERT INTO `t_car` VALUES (1582, '摩根EV3', NULL, 168, NULL, NULL, NULL, NULL, NULL, NULL, NULL);
INSERT INTO `t_car` VALUES (1583, '3 Wheeler', NULL, 168, NULL, NULL, NULL, NULL, NULL, NULL, NULL);
INSERT INTO `t_car` VALUES (1584, '摩根Aero', NULL, 168, NULL, NULL, NULL, NULL, NULL, NULL, NULL);
INSERT INTO `t_car` VALUES (1585, '摩根Aero 8', NULL, 168, NULL, NULL, NULL, NULL, NULL, NULL, NULL);
INSERT INTO `t_car` VALUES (1586, '摩根Plus 8', NULL, 168, NULL, NULL, NULL, NULL, NULL, NULL, NULL);
INSERT INTO `t_car` VALUES (1587, '迈巴赫', NULL, 55, NULL, NULL, NULL, NULL, NULL, NULL, NULL);
INSERT INTO `t_car` VALUES (1588, 'U5 SUV', NULL, 130, NULL, NULL, NULL, NULL, NULL, NULL, NULL);
INSERT INTO `t_car` VALUES (1589, '纳5', NULL, 130, NULL, NULL, NULL, NULL, NULL, NULL, NULL);
INSERT INTO `t_car` VALUES (1590, '锐3', NULL, 130, NULL, NULL, NULL, NULL, NULL, NULL, NULL);
INSERT INTO `t_car` VALUES (1591, '优6 SUV', NULL, 130, NULL, NULL, NULL, NULL, NULL, NULL, NULL);
INSERT INTO `t_car` VALUES (1592, '大7 SUV', NULL, 130, NULL, NULL, NULL, NULL, NULL, NULL, NULL);
INSERT INTO `t_car` VALUES (1593, '大7 MPV', NULL, 130, NULL, NULL, NULL, NULL, NULL, NULL, NULL);
INSERT INTO `t_car` VALUES (1594, 'MASTER CEO', NULL, 130, NULL, NULL, NULL, NULL, NULL, NULL, NULL);
INSERT INTO `t_car` VALUES (1595, 'neora', NULL, 130, NULL, NULL, NULL, NULL, NULL, NULL, NULL);
INSERT INTO `t_car` VALUES (1596, 'S5 TURBO', NULL, 130, NULL, NULL, NULL, NULL, NULL, NULL, NULL);
INSERT INTO `t_car` VALUES (1597, 'U6 TURBO', NULL, 130, NULL, NULL, NULL, NULL, NULL, NULL, NULL);
INSERT INTO `t_car` VALUES (1598, '开沃D11', NULL, 213, NULL, NULL, NULL, NULL, NULL, NULL, NULL);
INSERT INTO `t_car` VALUES (1599, 'QUANT 48Volt', NULL, 228, NULL, NULL, NULL, NULL, NULL, NULL, NULL);
INSERT INTO `t_car` VALUES (1600, 'Quantino', NULL, 228, NULL, NULL, NULL, NULL, NULL, NULL, NULL);
INSERT INTO `t_car` VALUES (1601, 'NEVS 9-3', NULL, 295, NULL, NULL, NULL, NULL, NULL, NULL, NULL);
INSERT INTO `t_car` VALUES (1602, 'NEVS 9-3X', NULL, 295, NULL, NULL, NULL, NULL, NULL, NULL, NULL);
INSERT INTO `t_car` VALUES (1603, 'Noble M600', NULL, 136, NULL, NULL, NULL, NULL, NULL, NULL, NULL);
INSERT INTO `t_car` VALUES (1604, '讴歌CDX', NULL, 60, NULL, NULL, NULL, NULL, NULL, NULL, NULL);
INSERT INTO `t_car` VALUES (1605, '讴歌TLX-L', NULL, 60, NULL, NULL, NULL, NULL, NULL, NULL, NULL);
INSERT INTO `t_car` VALUES (1606, '讴歌ILX', NULL, 60, NULL, NULL, NULL, NULL, NULL, NULL, NULL);
INSERT INTO `t_car` VALUES (1607, '讴歌TLX', NULL, 60, NULL, NULL, NULL, NULL, NULL, NULL, NULL);
INSERT INTO `t_car` VALUES (1608, '讴歌RLX', NULL, 60, NULL, NULL, NULL, NULL, NULL, NULL, NULL);
INSERT INTO `t_car` VALUES (1609, '讴歌RDX', NULL, 60, NULL, NULL, NULL, NULL, NULL, NULL, NULL);
INSERT INTO `t_car` VALUES (1610, '讴歌MDX', NULL, 60, NULL, NULL, NULL, NULL, NULL, NULL, NULL);
INSERT INTO `t_car` VALUES (1611, '讴歌ZDX', NULL, 60, NULL, NULL, NULL, NULL, NULL, NULL, NULL);
INSERT INTO `t_car` VALUES (1612, '讴歌NSX', NULL, 60, NULL, NULL, NULL, NULL, NULL, NULL, NULL);
INSERT INTO `t_car` VALUES (1613, '讴歌TSX', NULL, 60, NULL, NULL, NULL, NULL, NULL, NULL, NULL);
INSERT INTO `t_car` VALUES (1614, 'SUV-X', NULL, 60, NULL, NULL, NULL, NULL, NULL, NULL, NULL);
INSERT INTO `t_car` VALUES (1615, '讴歌TL', NULL, 60, NULL, NULL, NULL, NULL, NULL, NULL, NULL);
INSERT INTO `t_car` VALUES (1616, '讴歌RL', NULL, 60, NULL, NULL, NULL, NULL, NULL, NULL, NULL);
INSERT INTO `t_car` VALUES (1617, '欧朗', NULL, 146, NULL, NULL, NULL, NULL, NULL, NULL, NULL);
INSERT INTO `t_car` VALUES (1618, '欧宝Adam', NULL, 59, NULL, NULL, NULL, NULL, NULL, NULL, NULL);
INSERT INTO `t_car` VALUES (1619, 'Karl', NULL, 59, NULL, NULL, NULL, NULL, NULL, NULL, NULL);
INSERT INTO `t_car` VALUES (1620, '欧宝Corsa', NULL, 59, NULL, NULL, NULL, NULL, NULL, NULL, NULL);
INSERT INTO `t_car` VALUES (1621, 'Ampera', NULL, 59, NULL, NULL, NULL, NULL, NULL, NULL, NULL);
INSERT INTO `t_car` VALUES (1622, '雅特', NULL, 59, NULL, NULL, NULL, NULL, NULL, NULL, NULL);
INSERT INTO `t_car` VALUES (1623, '英速亚', NULL, 59, NULL, NULL, NULL, NULL, NULL, NULL, NULL);
INSERT INTO `t_car` VALUES (1624, '欧宝Crossland X', NULL, 59, NULL, NULL, NULL, NULL, NULL, NULL, NULL);
INSERT INTO `t_car` VALUES (1625, '欧宝Mokka', NULL, 59, NULL, NULL, NULL, NULL, NULL, NULL, NULL);
INSERT INTO `t_car` VALUES (1626, 'Vivaro', NULL, 59, NULL, NULL, NULL, NULL, NULL, NULL, NULL);
INSERT INTO `t_car` VALUES (1627, '麦瑞纳', NULL, 59, NULL, NULL, NULL, NULL, NULL, NULL, NULL);
INSERT INTO `t_car` VALUES (1628, '赛飞利', NULL, 59, NULL, NULL, NULL, NULL, NULL, NULL, NULL);
INSERT INTO `t_car` VALUES (1629, 'Monza', NULL, 59, NULL, NULL, NULL, NULL, NULL, NULL, NULL);
INSERT INTO `t_car` VALUES (1630, '欧宝Cascada', NULL, 59, NULL, NULL, NULL, NULL, NULL, NULL, NULL);
INSERT INTO `t_car` VALUES (1631, '欧宝GT', NULL, 59, NULL, NULL, NULL, NULL, NULL, NULL, NULL);
INSERT INTO `t_car` VALUES (1632, '威达', NULL, 59, NULL, NULL, NULL, NULL, NULL, NULL, NULL);
INSERT INTO `t_car` VALUES (1633, '安德拉', NULL, 59, NULL, NULL, NULL, NULL, NULL, NULL, NULL);
INSERT INTO `t_car` VALUES (1634, 'Huayra', NULL, 61, NULL, NULL, NULL, NULL, NULL, NULL, NULL);
INSERT INTO `t_car` VALUES (1635, 'Zonda', NULL, 61, NULL, NULL, NULL, NULL, NULL, NULL, NULL);
INSERT INTO `t_car` VALUES (1636, 'CEVENNES', NULL, 186, NULL, NULL, NULL, NULL, NULL, NULL, NULL);
INSERT INTO `t_car` VALUES (1637, 'HEMERA', NULL, 186, NULL, NULL, NULL, NULL, NULL, NULL, NULL);
INSERT INTO `t_car` VALUES (1638, 'KX CROSS', NULL, 62, NULL, NULL, NULL, NULL, NULL, NULL, NULL);
INSERT INTO `t_car` VALUES (1639, '起亚K2', NULL, 62, NULL, NULL, NULL, NULL, NULL, NULL, NULL);
INSERT INTO `t_car` VALUES (1640, '起亚K3', NULL, 62, NULL, NULL, NULL, NULL, NULL, NULL, NULL);
INSERT INTO `t_car` VALUES (1641, '凯绅', NULL, 62, NULL, NULL, NULL, NULL, NULL, NULL, NULL);
INSERT INTO `t_car` VALUES (1642, '起亚K4', NULL, 62, NULL, NULL, NULL, NULL, NULL, NULL, NULL);
INSERT INTO `t_car` VALUES (1643, '起亚K5', NULL, 62, NULL, NULL, NULL, NULL, NULL, NULL, NULL);
INSERT INTO `t_car` VALUES (1644, '起亚KX3', NULL, 62, NULL, NULL, NULL, NULL, NULL, NULL, NULL);
INSERT INTO `t_car` VALUES (1645, '起亚KX5', NULL, 62, NULL, NULL, NULL, NULL, NULL, NULL, NULL);
INSERT INTO `t_car` VALUES (1646, '智跑', NULL, 62, NULL, NULL, NULL, NULL, NULL, NULL, NULL);
INSERT INTO `t_car` VALUES (1647, '起亚KX7', NULL, 62, NULL, NULL, NULL, NULL, NULL, NULL, NULL);
INSERT INTO `t_car` VALUES (1648, '福瑞迪', NULL, 62, NULL, NULL, NULL, NULL, NULL, NULL, NULL);
INSERT INTO `t_car` VALUES (1649, '焕驰', NULL, 62, NULL, NULL, NULL, NULL, NULL, NULL, NULL);
INSERT INTO `t_car` VALUES (1650, '千里马', NULL, 62, NULL, NULL, NULL, NULL, NULL, NULL, NULL);
INSERT INTO `t_car` VALUES (1651, '锐欧', NULL, 62, NULL, NULL, NULL, NULL, NULL, NULL, NULL);
INSERT INTO `t_car` VALUES (1652, '秀尔', NULL, 62, NULL, NULL, NULL, NULL, NULL, NULL, NULL);
INSERT INTO `t_car` VALUES (1653, '赛拉图', NULL, 62, NULL, NULL, NULL, NULL, NULL, NULL, NULL);
INSERT INTO `t_car` VALUES (1654, '起亚K3S', NULL, 62, NULL, NULL, NULL, NULL, NULL, NULL, NULL);
INSERT INTO `t_car` VALUES (1655, '远舰', NULL, 62, NULL, NULL, NULL, NULL, NULL, NULL, NULL);
INSERT INTO `t_car` VALUES (1656, '狮跑', NULL, 62, NULL, NULL, NULL, NULL, NULL, NULL, NULL);
INSERT INTO `t_car` VALUES (1657, '嘉华', NULL, 62, NULL, NULL, NULL, NULL, NULL, NULL, NULL);
INSERT INTO `t_car` VALUES (1658, '凯尊', NULL, 62, NULL, NULL, NULL, NULL, NULL, NULL, NULL);
INSERT INTO `t_car` VALUES (1659, '起亚K9', NULL, 62, NULL, NULL, NULL, NULL, NULL, NULL, NULL);
INSERT INTO `t_car` VALUES (1660, '极睿', NULL, 62, NULL, NULL, NULL, NULL, NULL, NULL, NULL);
INSERT INTO `t_car` VALUES (1661, '索兰托', NULL, 62, NULL, NULL, NULL, NULL, NULL, NULL, NULL);
INSERT INTO `t_car` VALUES (1662, '霸锐', NULL, 62, NULL, NULL, NULL, NULL, NULL, NULL, NULL);
INSERT INTO `t_car` VALUES (1663, '佳乐', NULL, 62, NULL, NULL, NULL, NULL, NULL, NULL, NULL);
INSERT INTO `t_car` VALUES (1664, '嘉华(进口)', NULL, 62, NULL, NULL, NULL, NULL, NULL, NULL, NULL);
INSERT INTO `t_car` VALUES (1665, '速迈', NULL, 62, NULL, NULL, NULL, NULL, NULL, NULL, NULL);
INSERT INTO `t_car` VALUES (1666, 'Picanto', NULL, 62, NULL, NULL, NULL, NULL, NULL, NULL, NULL);
INSERT INTO `t_car` VALUES (1667, 'Provo', NULL, 62, NULL, NULL, NULL, NULL, NULL, NULL, NULL);
INSERT INTO `t_car` VALUES (1668, 'Soul', NULL, 62, NULL, NULL, NULL, NULL, NULL, NULL, NULL);
INSERT INTO `t_car` VALUES (1669, '锐欧(海外)', NULL, 62, NULL, NULL, NULL, NULL, NULL, NULL, NULL);
INSERT INTO `t_car` VALUES (1670, 'Forte', NULL, 62, NULL, NULL, NULL, NULL, NULL, NULL, NULL);
INSERT INTO `t_car` VALUES (1671, 'Venga', NULL, 62, NULL, NULL, NULL, NULL, NULL, NULL, NULL);
INSERT INTO `t_car` VALUES (1672, '起亚Cee’d', NULL, 62, NULL, NULL, NULL, NULL, NULL, NULL, NULL);
INSERT INTO `t_car` VALUES (1673, '起亚K3(海外)', NULL, 62, NULL, NULL, NULL, NULL, NULL, NULL, NULL);
INSERT INTO `t_car` VALUES (1674, '起亚K5(进口)', NULL, 62, NULL, NULL, NULL, NULL, NULL, NULL, NULL);
INSERT INTO `t_car` VALUES (1675, 'Stinger', NULL, 62, NULL, NULL, NULL, NULL, NULL, NULL, NULL);
INSERT INTO `t_car` VALUES (1676, '起亚K900', NULL, 62, NULL, NULL, NULL, NULL, NULL, NULL, NULL);
INSERT INTO `t_car` VALUES (1677, 'SPORTAGE', NULL, 62, NULL, NULL, NULL, NULL, NULL, NULL, NULL);
INSERT INTO `t_car` VALUES (1678, 'GT4 Stinger', NULL, 62, NULL, NULL, NULL, NULL, NULL, NULL, NULL);
INSERT INTO `t_car` VALUES (1679, '欧菲莱斯', NULL, 62, NULL, NULL, NULL, NULL, NULL, NULL, NULL);
INSERT INTO `t_car` VALUES (1680, '起亚VQ', NULL, 62, NULL, NULL, NULL, NULL, NULL, NULL, NULL);
INSERT INTO `t_car` VALUES (1681, '奇瑞QQ', NULL, 26, NULL, NULL, NULL, NULL, NULL, NULL, NULL);
INSERT INTO `t_car` VALUES (1682, '风云2', NULL, 26, NULL, NULL, NULL, NULL, NULL, NULL, NULL);
INSERT INTO `t_car` VALUES (1683, '奇瑞E3', NULL, 26, NULL, NULL, NULL, NULL, NULL, NULL, NULL);
INSERT INTO `t_car` VALUES (1684, '艾瑞泽5', NULL, 26, NULL, NULL, NULL, NULL, NULL, NULL, NULL);
INSERT INTO `t_car` VALUES (1685, '艾瑞泽7', NULL, 26, NULL, NULL, NULL, NULL, NULL, NULL, NULL);
INSERT INTO `t_car` VALUES (1686, '艾瑞泽7e', NULL, 26, NULL, NULL, NULL, NULL, NULL, NULL, NULL);
INSERT INTO `t_car` VALUES (1687, '奇瑞E5', NULL, 26, NULL, NULL, NULL, NULL, NULL, NULL, NULL);
INSERT INTO `t_car` VALUES (1688, '瑞虎3', NULL, 26, NULL, NULL, NULL, NULL, NULL, NULL, NULL);
INSERT INTO `t_car` VALUES (1689, '瑞虎3x', NULL, 26, NULL, NULL, NULL, NULL, NULL, NULL, NULL);
INSERT INTO `t_car` VALUES (1690, '瑞虎5', NULL, 26, NULL, NULL, NULL, NULL, NULL, NULL, NULL);
INSERT INTO `t_car` VALUES (1691, '瑞虎7', NULL, 26, NULL, NULL, NULL, NULL, NULL, NULL, NULL);
INSERT INTO `t_car` VALUES (1692, '艾瑞泽3', NULL, 26, NULL, NULL, NULL, NULL, NULL, NULL, NULL);
INSERT INTO `t_car` VALUES (1693, '艾瑞泽M7', NULL, 26, NULL, NULL, NULL, NULL, NULL, NULL, NULL);
INSERT INTO `t_car` VALUES (1694, '奇瑞@ANT', NULL, 26, NULL, NULL, NULL, NULL, NULL, NULL, NULL);
INSERT INTO `t_car` VALUES (1695, '奇瑞FV2030', NULL, 26, NULL, NULL, NULL, NULL, NULL, NULL, NULL);
INSERT INTO `t_car` VALUES (1696, 'concept β', NULL, 26, NULL, NULL, NULL, NULL, NULL, NULL, NULL);
INSERT INTO `t_car` VALUES (1697, '奇瑞TX', NULL, 26, NULL, NULL, NULL, NULL, NULL, NULL, NULL);
INSERT INTO `t_car` VALUES (1698, '奇瑞QQ3', NULL, 26, NULL, NULL, NULL, NULL, NULL, NULL, NULL);
INSERT INTO `t_car` VALUES (1699, '奇瑞QQ6', NULL, 26, NULL, NULL, NULL, NULL, NULL, NULL, NULL);
INSERT INTO `t_car` VALUES (1700, '奇瑞QQme', NULL, 26, NULL, NULL, NULL, NULL, NULL, NULL, NULL);
INSERT INTO `t_car` VALUES (1701, '旗云1', NULL, 26, NULL, NULL, NULL, NULL, NULL, NULL, NULL);
INSERT INTO `t_car` VALUES (1702, '奇瑞A1', NULL, 26, NULL, NULL, NULL, NULL, NULL, NULL, NULL);
INSERT INTO `t_car` VALUES (1703, '旗云', NULL, 26, NULL, NULL, NULL, NULL, NULL, NULL, NULL);
INSERT INTO `t_car` VALUES (1704, '旗云2', NULL, 26, NULL, NULL, NULL, NULL, NULL, NULL, NULL);
INSERT INTO `t_car` VALUES (1705, '风云', NULL, 26, NULL, NULL, NULL, NULL, NULL, NULL, NULL);
INSERT INTO `t_car` VALUES (1706, '奇瑞A3', NULL, 26, NULL, NULL, NULL, NULL, NULL, NULL, NULL);
INSERT INTO `t_car` VALUES (1707, '奇瑞A5', NULL, 26, NULL, NULL, NULL, NULL, NULL, NULL, NULL);
INSERT INTO `t_car` VALUES (1708, '奇瑞α5', NULL, 26, NULL, NULL, NULL, NULL, NULL, NULL, NULL);
INSERT INTO `t_car` VALUES (1709, '奇瑞α7', NULL, 26, NULL, NULL, NULL, NULL, NULL, NULL, NULL);
INSERT INTO `t_car` VALUES (1710, '旗云3', NULL, 26, NULL, NULL, NULL, NULL, NULL, NULL, NULL);
INSERT INTO `t_car` VALUES (1711, '东方之子', NULL, 26, NULL, NULL, NULL, NULL, NULL, NULL, NULL);
INSERT INTO `t_car` VALUES (1712, '旗云5', NULL, 26, NULL, NULL, NULL, NULL, NULL, NULL, NULL);
INSERT INTO `t_car` VALUES (1713, '东方之子6', NULL, 26, NULL, NULL, NULL, NULL, NULL, NULL, NULL);
INSERT INTO `t_car` VALUES (1714, '奇瑞X1', NULL, 26, NULL, NULL, NULL, NULL, NULL, NULL, NULL);
INSERT INTO `t_car` VALUES (1715, '瑞虎', NULL, 26, NULL, NULL, NULL, NULL, NULL, NULL, NULL);
INSERT INTO `t_car` VALUES (1716, '奇瑞β5', NULL, 26, NULL, NULL, NULL, NULL, NULL, NULL, NULL);
INSERT INTO `t_car` VALUES (1717, '东方之子Cross', NULL, 26, NULL, NULL, NULL, NULL, NULL, NULL, NULL);
INSERT INTO `t_car` VALUES (1718, '奇瑞eQ', NULL, 26, NULL, NULL, NULL, NULL, NULL, NULL, NULL);
INSERT INTO `t_car` VALUES (1719, '奇瑞eQ1', NULL, 26, NULL, NULL, NULL, NULL, NULL, NULL, NULL);
INSERT INTO `t_car` VALUES (1720, '艾瑞泽5e', NULL, 26, NULL, NULL, NULL, NULL, NULL, NULL, NULL);
INSERT INTO `t_car` VALUES (1721, '晨风', NULL, 122, NULL, NULL, NULL, NULL, NULL, NULL, NULL);
INSERT INTO `t_car` VALUES (1722, '启辰D50', NULL, 122, NULL, NULL, NULL, NULL, NULL, NULL, NULL);
INSERT INTO `t_car` VALUES (1723, '启辰R50', NULL, 122, NULL, NULL, NULL, NULL, NULL, NULL, NULL);
INSERT INTO `t_car` VALUES (1724, '启辰R50X', NULL, 122, NULL, NULL, NULL, NULL, NULL, NULL, NULL);
INSERT INTO `t_car` VALUES (1725, '启辰T70', NULL, 122, NULL, NULL, NULL, NULL, NULL, NULL, NULL);
INSERT INTO `t_car` VALUES (1726, '启辰T70X', NULL, 122, NULL, NULL, NULL, NULL, NULL, NULL, NULL);
INSERT INTO `t_car` VALUES (1727, '启辰T90', NULL, 122, NULL, NULL, NULL, NULL, NULL, NULL, NULL);
INSERT INTO `t_car` VALUES (1728, '启辰M50V', NULL, 122, NULL, NULL, NULL, NULL, NULL, NULL, NULL);
INSERT INTO `t_car` VALUES (1729, '启辰R30', NULL, 122, NULL, NULL, NULL, NULL, NULL, NULL, NULL);
INSERT INTO `t_car` VALUES (1730, '启辰ViWa', NULL, 122, NULL, NULL, NULL, NULL, NULL, NULL, NULL);
INSERT INTO `t_car` VALUES (1731, '启辰D60', NULL, 122, NULL, NULL, NULL, NULL, NULL, NULL, NULL);
INSERT INTO `t_car` VALUES (1732, '启辰VOW', NULL, 122, NULL, NULL, NULL, NULL, NULL, NULL, NULL);
INSERT INTO `t_car` VALUES (1733, '前途K50', NULL, 235, NULL, NULL, NULL, NULL, NULL, NULL, NULL);
INSERT INTO `t_car` VALUES (1734, '奇点iS6', NULL, 281, NULL, NULL, NULL, NULL, NULL, NULL, NULL);
INSERT INTO `t_car` VALUES (1735, '玛驰', NULL, 63, NULL, NULL, NULL, NULL, NULL, NULL, NULL);
INSERT INTO `t_car` VALUES (1736, '骊威', NULL, 63, NULL, NULL, NULL, NULL, NULL, NULL, NULL);
INSERT INTO `t_car` VALUES (1737, '骐达', NULL, 63, NULL, NULL, NULL, NULL, NULL, NULL, NULL);
INSERT INTO `t_car` VALUES (1738, '轩逸', NULL, 63, NULL, NULL, NULL, NULL, NULL, NULL, NULL);
INSERT INTO `t_car` VALUES (1739, '阳光', NULL, 63, NULL, NULL, NULL, NULL, NULL, NULL, NULL);
INSERT INTO `t_car` VALUES (1740, 'LANNIA 蓝鸟', NULL, 63, NULL, NULL, NULL, NULL, NULL, NULL, NULL);
INSERT INTO `t_car` VALUES (1741, '天籁', NULL, 63, NULL, NULL, NULL, NULL, NULL, NULL, NULL);
INSERT INTO `t_car` VALUES (1742, '西玛', NULL, 63, NULL, NULL, NULL, NULL, NULL, NULL, NULL);
INSERT INTO `t_car` VALUES (1743, '劲客', NULL, 63, NULL, NULL, NULL, NULL, NULL, NULL, NULL);
INSERT INTO `t_car` VALUES (1744, '逍客', NULL, 63, NULL, NULL, NULL, NULL, NULL, NULL, NULL);
INSERT INTO `t_car` VALUES (1745, '奇骏', NULL, 63, NULL, NULL, NULL, NULL, NULL, NULL, NULL);
INSERT INTO `t_car` VALUES (1746, '楼兰', NULL, 63, NULL, NULL, NULL, NULL, NULL, NULL, NULL);
INSERT INTO `t_car` VALUES (1747, '颐达', NULL, 63, NULL, NULL, NULL, NULL, NULL, NULL, NULL);
INSERT INTO `t_car` VALUES (1748, '蓝鸟', NULL, 63, NULL, NULL, NULL, NULL, NULL, NULL, NULL);
INSERT INTO `t_car` VALUES (1749, '骏逸', NULL, 63, NULL, NULL, NULL, NULL, NULL, NULL, NULL);
INSERT INTO `t_car` VALUES (1750, '帕拉丁', NULL, 63, NULL, NULL, NULL, NULL, NULL, NULL, NULL);
INSERT INTO `t_car` VALUES (1751, '日产NV200', NULL, 63, NULL, NULL, NULL, NULL, NULL, NULL, NULL);
INSERT INTO `t_car` VALUES (1752, '纳瓦拉', NULL, 63, NULL, NULL, NULL, NULL, NULL, NULL, NULL);
INSERT INTO `t_car` VALUES (1753, '日产D22', NULL, 63, NULL, NULL, NULL, NULL, NULL, NULL, NULL);
INSERT INTO `t_car` VALUES (1754, '日产ZN厢式车', NULL, 63, NULL, NULL, NULL, NULL, NULL, NULL, NULL);
INSERT INTO `t_car` VALUES (1755, '途乐', NULL, 63, NULL, NULL, NULL, NULL, NULL, NULL, NULL);
INSERT INTO `t_car` VALUES (1756, '贵士', NULL, 63, NULL, NULL, NULL, NULL, NULL, NULL, NULL);
INSERT INTO `t_car` VALUES (1757, '日产370Z', NULL, 63, NULL, NULL, NULL, NULL, NULL, NULL, NULL);
INSERT INTO `t_car` VALUES (1758, '日产GT-R', NULL, 63, NULL, NULL, NULL, NULL, NULL, NULL, NULL);
INSERT INTO `t_car` VALUES (1759, '碧莲', NULL, 63, NULL, NULL, NULL, NULL, NULL, NULL, NULL);
INSERT INTO `t_car` VALUES (1760, 'Invitation', NULL, 63, NULL, NULL, NULL, NULL, NULL, NULL, NULL);
INSERT INTO `t_car` VALUES (1761, 'Cube', NULL, 63, NULL, NULL, NULL, NULL, NULL, NULL, NULL);
INSERT INTO `t_car` VALUES (1762, 'Note', NULL, 63, NULL, NULL, NULL, NULL, NULL, NULL, NULL);
INSERT INTO `t_car` VALUES (1763, 'Teatro for Dayz', NULL, 63, NULL, NULL, NULL, NULL, NULL, NULL, NULL);
INSERT INTO `t_car` VALUES (1764, '玛驰(海外)', NULL, 63, NULL, NULL, NULL, NULL, NULL, NULL, NULL);
INSERT INTO `t_car` VALUES (1765, 'Pulsar', NULL, 63, NULL, NULL, NULL, NULL, NULL, NULL, NULL);
INSERT INTO `t_car` VALUES (1766, 'Sentra', NULL, 63, NULL, NULL, NULL, NULL, NULL, NULL, NULL);
INSERT INTO `t_car` VALUES (1767, 'Versa', NULL, 63, NULL, NULL, NULL, NULL, NULL, NULL, NULL);
INSERT INTO `t_car` VALUES (1768, '聆风', NULL, 63, NULL, NULL, NULL, NULL, NULL, NULL, NULL);
INSERT INTO `t_car` VALUES (1769, '日产IDS', NULL, 63, NULL, NULL, NULL, NULL, NULL, NULL, NULL);
INSERT INTO `t_car` VALUES (1770, 'Altima', NULL, 63, NULL, NULL, NULL, NULL, NULL, NULL, NULL);
INSERT INTO `t_car` VALUES (1771, 'Vmotion 2.0', NULL, 63, NULL, NULL, NULL, NULL, NULL, NULL, NULL);
INSERT INTO `t_car` VALUES (1772, '西玛(海外)', NULL, 63, NULL, NULL, NULL, NULL, NULL, NULL, NULL);
INSERT INTO `t_car` VALUES (1773, 'JUKE', NULL, 63, NULL, NULL, NULL, NULL, NULL, NULL, NULL);
INSERT INTO `t_car` VALUES (1774, 'Terra', NULL, 63, NULL, NULL, NULL, NULL, NULL, NULL, NULL);
INSERT INTO `t_car` VALUES (1775, '劲客(海外)', NULL, 63, NULL, NULL, NULL, NULL, NULL, NULL, NULL);
INSERT INTO `t_car` VALUES (1776, 'Hi-Cross', NULL, 63, NULL, NULL, NULL, NULL, NULL, NULL, NULL);
INSERT INTO `t_car` VALUES (1777, 'Rogue', NULL, 63, NULL, NULL, NULL, NULL, NULL, NULL, NULL);
INSERT INTO `t_car` VALUES (1778, '奇骏(进口)', NULL, 63, NULL, NULL, NULL, NULL, NULL, NULL, NULL);
INSERT INTO `t_car` VALUES (1779, '逍客(海外)', NULL, 63, NULL, NULL, NULL, NULL, NULL, NULL, NULL);
INSERT INTO `t_car` VALUES (1780, '楼兰(海外)', NULL, 63, NULL, NULL, NULL, NULL, NULL, NULL, NULL);
INSERT INTO `t_car` VALUES (1781, 'Pathfinder', NULL, 63, NULL, NULL, NULL, NULL, NULL, NULL, NULL);
INSERT INTO `t_car` VALUES (1782, 'Serena', NULL, 63, NULL, NULL, NULL, NULL, NULL, NULL, NULL);
INSERT INTO `t_car` VALUES (1783, '日产NV200(海外)', NULL, 63, NULL, NULL, NULL, NULL, NULL, NULL, NULL);
INSERT INTO `t_car` VALUES (1784, '2020 Vision Gran Turismo', NULL, 63, NULL, NULL, NULL, NULL, NULL, NULL, NULL);
INSERT INTO `t_car` VALUES (1785, 'BladeGlider', NULL, 63, NULL, NULL, NULL, NULL, NULL, NULL, NULL);
INSERT INTO `t_car` VALUES (1786, 'Esflow', NULL, 63, NULL, NULL, NULL, NULL, NULL, NULL, NULL);
INSERT INTO `t_car` VALUES (1787, 'Gripz', NULL, 63, NULL, NULL, NULL, NULL, NULL, NULL, NULL);
INSERT INTO `t_car` VALUES (1788, '日产IDX', NULL, 63, NULL, NULL, NULL, NULL, NULL, NULL, NULL);
INSERT INTO `t_car` VALUES (1789, 'Frontier', NULL, 63, NULL, NULL, NULL, NULL, NULL, NULL, NULL);
INSERT INTO `t_car` VALUES (1790, 'Titan', NULL, 63, NULL, NULL, NULL, NULL, NULL, NULL, NULL);
INSERT INTO `t_car` VALUES (1791, '纳瓦拉(海外)', NULL, 63, NULL, NULL, NULL, NULL, NULL, NULL, NULL);
INSERT INTO `t_car` VALUES (1792, 'Pivo 3', NULL, 63, NULL, NULL, NULL, NULL, NULL, NULL, NULL);
INSERT INTO `t_car` VALUES (1793, '蓝鸟·印象', NULL, 63, NULL, NULL, NULL, NULL, NULL, NULL, NULL);
INSERT INTO `t_car` VALUES (1794, '风度', NULL, 63, NULL, NULL, NULL, NULL, NULL, NULL, NULL);
INSERT INTO `t_car` VALUES (1795, '风雅', NULL, 63, NULL, NULL, NULL, NULL, NULL, NULL, NULL);
INSERT INTO `t_car` VALUES (1796, 'CIMA', NULL, 63, NULL, NULL, NULL, NULL, NULL, NULL, NULL);
INSERT INTO `t_car` VALUES (1797, 'Silvia', NULL, 63, NULL, NULL, NULL, NULL, NULL, NULL, NULL);
INSERT INTO `t_car` VALUES (1798, '日产350Z', NULL, 63, NULL, NULL, NULL, NULL, NULL, NULL, NULL);
INSERT INTO `t_car` VALUES (1799, '荣威e50', NULL, 19, NULL, NULL, NULL, NULL, NULL, NULL, NULL);
INSERT INTO `t_car` VALUES (1800, '荣威350', NULL, 19, NULL, NULL, NULL, NULL, NULL, NULL, NULL);
INSERT INTO `t_car` VALUES (1801, '荣威360', NULL, 19, NULL, NULL, NULL, NULL, NULL, NULL, NULL);
INSERT INTO `t_car` VALUES (1802, '荣威550', NULL, 19, NULL, NULL, NULL, NULL, NULL, NULL, NULL);
INSERT INTO `t_car` VALUES (1803, '荣威e550', NULL, 19, NULL, NULL, NULL, NULL, NULL, NULL, NULL);
INSERT INTO `t_car` VALUES (1804, '荣威ei6', NULL, 19, NULL, NULL, NULL, NULL, NULL, NULL, NULL);
INSERT INTO `t_car` VALUES (1805, '荣威i6', NULL, 19, NULL, NULL, NULL, NULL, NULL, NULL, NULL);
INSERT INTO `t_car` VALUES (1806, '荣威950', NULL, 19, NULL, NULL, NULL, NULL, NULL, NULL, NULL);
INSERT INTO `t_car` VALUES (1807, '荣威e950', NULL, 19, NULL, NULL, NULL, NULL, NULL, NULL, NULL);
INSERT INTO `t_car` VALUES (1808, '荣威RX5', NULL, 19, NULL, NULL, NULL, NULL, NULL, NULL, NULL);
INSERT INTO `t_car` VALUES (1809, '荣威RX5新能源', NULL, 19, NULL, NULL, NULL, NULL, NULL, NULL, NULL);
INSERT INTO `t_car` VALUES (1810, '荣威W5', NULL, 19, NULL, NULL, NULL, NULL, NULL, NULL, NULL);
INSERT INTO `t_car` VALUES (1811, 'Vision-E', NULL, 19, NULL, NULL, NULL, NULL, NULL, NULL, NULL);
INSERT INTO `t_car` VALUES (1812, 'Vision-R', NULL, 19, NULL, NULL, NULL, NULL, NULL, NULL, NULL);
INSERT INTO `t_car` VALUES (1813, '荣威750', NULL, 19, NULL, NULL, NULL, NULL, NULL, NULL, NULL);
INSERT INTO `t_car` VALUES (1814, '如虎 CTR 3', NULL, 174, NULL, NULL, NULL, NULL, NULL, NULL, NULL);
INSERT INTO `t_car` VALUES (1815, '瑞麒M1', NULL, 103, NULL, NULL, NULL, NULL, NULL, NULL, NULL);
INSERT INTO `t_car` VALUES (1816, '瑞麒G2', NULL, 103, NULL, NULL, NULL, NULL, NULL, NULL, NULL);
INSERT INTO `t_car` VALUES (1817, '瑞麒M5', NULL, 103, NULL, NULL, NULL, NULL, NULL, NULL, NULL);
INSERT INTO `t_car` VALUES (1818, '瑞麒G3', NULL, 103, NULL, NULL, NULL, NULL, NULL, NULL, NULL);
INSERT INTO `t_car` VALUES (1819, '瑞麒G5', NULL, 103, NULL, NULL, NULL, NULL, NULL, NULL, NULL);
INSERT INTO `t_car` VALUES (1820, '瑞麒G6', NULL, 103, NULL, NULL, NULL, NULL, NULL, NULL, NULL);
INSERT INTO `t_car` VALUES (1821, 'Beast', NULL, 239, NULL, NULL, NULL, NULL, NULL, NULL, NULL);
INSERT INTO `t_car` VALUES (1822, 'Concept One', NULL, 252, NULL, NULL, NULL, NULL, NULL, NULL, NULL);
INSERT INTO `t_car` VALUES (1823, 'Budii', NULL, 193, NULL, NULL, NULL, NULL, NULL, NULL, NULL);
INSERT INTO `t_car` VALUES (1824, 'Etos', NULL, 193, NULL, NULL, NULL, NULL, NULL, NULL, NULL);
INSERT INTO `t_car` VALUES (1825, '欧蓝德经典', NULL, 68, NULL, NULL, NULL, NULL, NULL, NULL, NULL);
INSERT INTO `t_car` VALUES (1826, '帕杰罗速跑', NULL, 68, NULL, NULL, NULL, NULL, NULL, NULL, NULL);
INSERT INTO `t_car` VALUES (1827, '翼神', NULL, 68, NULL, NULL, NULL, NULL, NULL, NULL, NULL);
INSERT INTO `t_car` VALUES (1828, '三菱戈蓝', NULL, 68, NULL, NULL, NULL, NULL, NULL, NULL, NULL);
INSERT INTO `t_car` VALUES (1829, '风迪思', NULL, 68, NULL, NULL, NULL, NULL, NULL, NULL, NULL);
INSERT INTO `t_car` VALUES (1830, '蓝瑟', NULL, 68, NULL, NULL, NULL, NULL, NULL, NULL, NULL);
INSERT INTO `t_car` VALUES (1831, '君阁', NULL, 68, NULL, NULL, NULL, NULL, NULL, NULL, NULL);
INSERT INTO `t_car` VALUES (1832, '菱绅', NULL, 68, NULL, NULL, NULL, NULL, NULL, NULL, NULL);
INSERT INTO `t_car` VALUES (1833, '劲炫ASX', NULL, 68, NULL, NULL, NULL, NULL, NULL, NULL, NULL);
INSERT INTO `t_car` VALUES (1834, '欧蓝德', NULL, 68, NULL, NULL, NULL, NULL, NULL, NULL, NULL);
INSERT INTO `t_car` VALUES (1835, '帕杰罗·劲畅', NULL, 68, NULL, NULL, NULL, NULL, NULL, NULL, NULL);
INSERT INTO `t_car` VALUES (1836, '帕杰罗', NULL, 68, NULL, NULL, NULL, NULL, NULL, NULL, NULL);
INSERT INTO `t_car` VALUES (1837, '帕杰罗(进口)', NULL, 68, NULL, NULL, NULL, NULL, NULL, NULL, NULL);
INSERT INTO `t_car` VALUES (1838, '帕杰罗·劲畅(进口)', NULL, 68, NULL, NULL, NULL, NULL, NULL, NULL, NULL);
INSERT INTO `t_car` VALUES (1839, 'eK Space', NULL, 68, NULL, NULL, NULL, NULL, NULL, NULL, NULL);
INSERT INTO `t_car` VALUES (1840, 'Mirage', NULL, 68, NULL, NULL, NULL, NULL, NULL, NULL, NULL);
INSERT INTO `t_car` VALUES (1841, '三菱CA-MiEV', NULL, 68, NULL, NULL, NULL, NULL, NULL, NULL, NULL);
INSERT INTO `t_car` VALUES (1842, '三菱i', NULL, 68, NULL, NULL, NULL, NULL, NULL, NULL, NULL);
INSERT INTO `t_car` VALUES (1843, 'LANCER', NULL, 68, NULL, NULL, NULL, NULL, NULL, NULL, NULL);
INSERT INTO `t_car` VALUES (1844, 'Mirage G4', NULL, 68, NULL, NULL, NULL, NULL, NULL, NULL, NULL);
INSERT INTO `t_car` VALUES (1845, '三菱G4', NULL, 68, NULL, NULL, NULL, NULL, NULL, NULL, NULL);
INSERT INTO `t_car` VALUES (1846, '三菱eX', NULL, 68, NULL, NULL, NULL, NULL, NULL, NULL, NULL);
INSERT INTO `t_car` VALUES (1847, 'ASX劲炫(进口)', NULL, 68, NULL, NULL, NULL, NULL, NULL, NULL, NULL);
INSERT INTO `t_car` VALUES (1848, 'Eclipse Cross', NULL, 68, NULL, NULL, NULL, NULL, NULL, NULL, NULL);
INSERT INTO `t_car` VALUES (1849, '欧蓝德(进口)', NULL, 68, NULL, NULL, NULL, NULL, NULL, NULL, NULL);
INSERT INTO `t_car` VALUES (1850, '三菱GT-PHEV', NULL, 68, NULL, NULL, NULL, NULL, NULL, NULL, NULL);
INSERT INTO `t_car` VALUES (1851, '三菱XR-PHEV', NULL, 68, NULL, NULL, NULL, NULL, NULL, NULL, NULL);
INSERT INTO `t_car` VALUES (1852, '三菱GC-PHEV', NULL, 68, NULL, NULL, NULL, NULL, NULL, NULL, NULL);
INSERT INTO `t_car` VALUES (1853, '三菱GR-HEV', NULL, 68, NULL, NULL, NULL, NULL, NULL, NULL, NULL);
INSERT INTO `t_car` VALUES (1854, '三菱L200', NULL, 68, NULL, NULL, NULL, NULL, NULL, NULL, NULL);
INSERT INTO `t_car` VALUES (1855, 'Colt', NULL, 68, NULL, NULL, NULL, NULL, NULL, NULL, NULL);
INSERT INTO `t_car` VALUES (1856, '三菱PX-MiEV', NULL, 68, NULL, NULL, NULL, NULL, NULL, NULL, NULL);
INSERT INTO `t_car` VALUES (1857, '格蓝迪', NULL, 68, NULL, NULL, NULL, NULL, NULL, NULL, NULL);
INSERT INTO `t_car` VALUES (1858, '伊柯丽斯', NULL, 68, NULL, NULL, NULL, NULL, NULL, NULL, NULL);
INSERT INTO `t_car` VALUES (1859, '晶锐', NULL, 67, NULL, NULL, NULL, NULL, NULL, NULL, NULL);
INSERT INTO `t_car` VALUES (1860, '明锐', NULL, 67, NULL, NULL, NULL, NULL, NULL, NULL, NULL);
INSERT INTO `t_car` VALUES (1861, '昕动', NULL, 67, NULL, NULL, NULL, NULL, NULL, NULL, NULL);
INSERT INTO `t_car` VALUES (1862, '昕锐', NULL, 67, NULL, NULL, NULL, NULL, NULL, NULL, NULL);
INSERT INTO `t_car` VALUES (1863, '速派', NULL, 67, NULL, NULL, NULL, NULL, NULL, NULL, NULL);
INSERT INTO `t_car` VALUES (1864, 'Yeti', NULL, 67, NULL, NULL, NULL, NULL, NULL, NULL, NULL);
INSERT INTO `t_car` VALUES (1865, '柯迪亚克', NULL, 67, NULL, NULL, NULL, NULL, NULL, NULL, NULL);
INSERT INTO `t_car` VALUES (1866, '昊锐', NULL, 67, NULL, NULL, NULL, NULL, NULL, NULL, NULL);
INSERT INTO `t_car` VALUES (1867, '明锐(进口)', NULL, 67, NULL, NULL, NULL, NULL, NULL, NULL, NULL);
INSERT INTO `t_car` VALUES (1868, '速尊', NULL, 67, NULL, NULL, NULL, NULL, NULL, NULL, NULL);
INSERT INTO `t_car` VALUES (1869, 'Citigo', NULL, 67, NULL, NULL, NULL, NULL, NULL, NULL, NULL);
INSERT INTO `t_car` VALUES (1870, '晶锐(海外)', NULL, 67, NULL, NULL, NULL, NULL, NULL, NULL, NULL);
INSERT INTO `t_car` VALUES (1871, 'MissionL', NULL, 67, NULL, NULL, NULL, NULL, NULL, NULL, NULL);
INSERT INTO `t_car` VALUES (1872, 'VisionC', NULL, 67, NULL, NULL, NULL, NULL, NULL, NULL, NULL);
INSERT INTO `t_car` VALUES (1873, 'VisionD', NULL, 67, NULL, NULL, NULL, NULL, NULL, NULL, NULL);
INSERT INTO `t_car` VALUES (1874, '昕动(海外)', NULL, 67, NULL, NULL, NULL, NULL, NULL, NULL, NULL);
INSERT INTO `t_car` VALUES (1875, '昕锐(海外)', NULL, 67, NULL, NULL, NULL, NULL, NULL, NULL, NULL);
INSERT INTO `t_car` VALUES (1876, 'Superb', NULL, 67, NULL, NULL, NULL, NULL, NULL, NULL, NULL);
INSERT INTO `t_car` VALUES (1877, 'Yeti(进口)', NULL, 67, NULL, NULL, NULL, NULL, NULL, NULL, NULL);
INSERT INTO `t_car` VALUES (1878, 'KAROQ(海外)', NULL, 67, NULL, NULL, NULL, NULL, NULL, NULL, NULL);
INSERT INTO `t_car` VALUES (1879, 'VisionS', NULL, 67, NULL, NULL, NULL, NULL, NULL, NULL, NULL);
INSERT INTO `t_car` VALUES (1880, 'VISION E', NULL, 67, NULL, NULL, NULL, NULL, NULL, NULL, NULL);
INSERT INTO `t_car` VALUES (1881, '柯迪亚克(海外)', NULL, 67, NULL, NULL, NULL, NULL, NULL, NULL, NULL);
INSERT INTO `t_car` VALUES (1882, 'CitiJet', NULL, 67, NULL, NULL, NULL, NULL, NULL, NULL, NULL);
INSERT INTO `t_car` VALUES (1883, 'Roomster', NULL, 67, NULL, NULL, NULL, NULL, NULL, NULL, NULL);
INSERT INTO `t_car` VALUES (1884, '上汽大通D90', NULL, 155, NULL, NULL, NULL, NULL, NULL, NULL, NULL);
INSERT INTO `t_car` VALUES (1885, '上汽大通G10', NULL, 155, NULL, NULL, NULL, NULL, NULL, NULL, NULL);
INSERT INTO `t_car` VALUES (1886, '上汽大通V80', NULL, 155, NULL, NULL, NULL, NULL, NULL, NULL, NULL);
INSERT INTO `t_car` VALUES (1887, '上汽大通T60', NULL, 155, NULL, NULL, NULL, NULL, NULL, NULL, NULL);
INSERT INTO `t_car` VALUES (1888, '伊思坦纳', NULL, 155, NULL, NULL, NULL, NULL, NULL, NULL, NULL);
INSERT INTO `t_car` VALUES (1889, '力狮', NULL, 65, NULL, NULL, NULL, NULL, NULL, NULL, NULL);
INSERT INTO `t_car` VALUES (1890, '斯巴鲁XV', NULL, 65, NULL, NULL, NULL, NULL, NULL, NULL, NULL);
INSERT INTO `t_car` VALUES (1891, '森林人', NULL, 65, NULL, NULL, NULL, NULL, NULL, NULL, NULL);
INSERT INTO `t_car` VALUES (1892, '傲虎', NULL, 65, NULL, NULL, NULL, NULL, NULL, NULL, NULL);
INSERT INTO `t_car` VALUES (1893, '斯巴鲁BRZ', NULL, 65, NULL, NULL, NULL, NULL, NULL, NULL, NULL);
INSERT INTO `t_car` VALUES (1894, 'CROSS SPORT', NULL, 65, NULL, NULL, NULL, NULL, NULL, NULL, NULL);
INSERT INTO `t_car` VALUES (1895, '斯巴鲁WRX', NULL, 65, NULL, NULL, NULL, NULL, NULL, NULL, NULL);
INSERT INTO `t_car` VALUES (1896, '翼豹', NULL, 65, NULL, NULL, NULL, NULL, NULL, NULL, NULL);
INSERT INTO `t_car` VALUES (1897, 'LEVORG', NULL, 65, NULL, NULL, NULL, NULL, NULL, NULL, NULL);
INSERT INTO `t_car` VALUES (1898, 'Viziv', NULL, 65, NULL, NULL, NULL, NULL, NULL, NULL, NULL);
INSERT INTO `t_car` VALUES (1899, 'Crossover 7', NULL, 65, NULL, NULL, NULL, NULL, NULL, NULL, NULL);
INSERT INTO `t_car` VALUES (1900, 'VIZIV-7', NULL, 65, NULL, NULL, NULL, NULL, NULL, NULL, NULL);
INSERT INTO `t_car` VALUES (1901, 'Exiga', NULL, 65, NULL, NULL, NULL, NULL, NULL, NULL, NULL);
INSERT INTO `t_car` VALUES (1902, 'Trezia', NULL, 65, NULL, NULL, NULL, NULL, NULL, NULL, NULL);
INSERT INTO `t_car` VALUES (1903, 'Hybrid', NULL, 65, NULL, NULL, NULL, NULL, NULL, NULL, NULL);
INSERT INTO `t_car` VALUES (1904, '驰鹏', NULL, 65, NULL, NULL, NULL, NULL, NULL, NULL, NULL);
INSERT INTO `t_car` VALUES (1905, '主席', NULL, 69, NULL, NULL, NULL, NULL, NULL, NULL, NULL);
INSERT INTO `t_car` VALUES (1906, '蒂维拉', NULL, 69, NULL, NULL, NULL, NULL, NULL, NULL, NULL);
INSERT INTO `t_car` VALUES (1907, '柯兰多', NULL, 69, NULL, NULL, NULL, NULL, NULL, NULL, NULL);
INSERT INTO `t_car` VALUES (1908, '爱腾', NULL, 69, NULL, NULL, NULL, NULL, NULL, NULL, NULL);
INSERT INTO `t_car` VALUES (1909, '途凌', NULL, 69, NULL, NULL, NULL, NULL, NULL, NULL, NULL);
INSERT INTO `t_car` VALUES (1910, '雷斯特W', NULL, 69, NULL, NULL, NULL, NULL, NULL, NULL, NULL);
INSERT INTO `t_car` VALUES (1911, '享御', NULL, 69, NULL, NULL, NULL, NULL, NULL, NULL, NULL);
INSERT INTO `t_car` VALUES (1912, '路帝', NULL, 69, NULL, NULL, NULL, NULL, NULL, NULL, NULL);
INSERT INTO `t_car` VALUES (1913, '双龙XLV-Air', NULL, 69, NULL, NULL, NULL, NULL, NULL, NULL, NULL);
INSERT INTO `t_car` VALUES (1914, '双龙SIV-2', NULL, 69, NULL, NULL, NULL, NULL, NULL, NULL, NULL);
INSERT INTO `t_car` VALUES (1915, '双龙XAV-Adventure', NULL, 69, NULL, NULL, NULL, NULL, NULL, NULL, NULL);
INSERT INTO `t_car` VALUES (1916, '雷斯特', NULL, 69, NULL, NULL, NULL, NULL, NULL, NULL, NULL);
INSERT INTO `t_car` VALUES (1917, '双龙LIV-2', NULL, 69, NULL, NULL, NULL, NULL, NULL, NULL, NULL);
INSERT INTO `t_car` VALUES (1918, '双龙XAVL', NULL, 69, NULL, NULL, NULL, NULL, NULL, NULL, NULL);
INSERT INTO `t_car` VALUES (1919, '双龙XIV-1', NULL, 69, NULL, NULL, NULL, NULL, NULL, NULL, NULL);
INSERT INTO `t_car` VALUES (1920, '双龙XIV-2', NULL, 69, NULL, NULL, NULL, NULL, NULL, NULL, NULL);
INSERT INTO `t_car` VALUES (1921, '双龙XIV-Adventure', NULL, 69, NULL, NULL, NULL, NULL, NULL, NULL, NULL);
INSERT INTO `t_car` VALUES (1922, '双龙XIV-Air', NULL, 69, NULL, NULL, NULL, NULL, NULL, NULL, NULL);
INSERT INTO `t_car` VALUES (1923, '双龙SIV-1', NULL, 69, NULL, NULL, NULL, NULL, NULL, NULL, NULL);
INSERT INTO `t_car` VALUES (1924, 'smart fortwo', NULL, 45, NULL, NULL, NULL, NULL, NULL, NULL, NULL);
INSERT INTO `t_car` VALUES (1925, 'smart forfour', NULL, 45, NULL, NULL, NULL, NULL, NULL, NULL, NULL);
INSERT INTO `t_car` VALUES (1926, 'smart forjeremy', NULL, 45, NULL, NULL, NULL, NULL, NULL, NULL, NULL);
INSERT INTO `t_car` VALUES (1927, 'smart forstars', NULL, 45, NULL, NULL, NULL, NULL, NULL, NULL, NULL);
INSERT INTO `t_car` VALUES (1928, 'smart fortwo新能源', NULL, 45, NULL, NULL, NULL, NULL, NULL, NULL, NULL);
INSERT INTO `t_car` VALUES (1929, 'smart fourjoy', NULL, 45, NULL, NULL, NULL, NULL, NULL, NULL, NULL);
INSERT INTO `t_car` VALUES (1930, 'smart for-us', NULL, 45, NULL, NULL, NULL, NULL, NULL, NULL, NULL);
INSERT INTO `t_car` VALUES (1931, 'smart forspeed', NULL, 45, NULL, NULL, NULL, NULL, NULL, NULL, NULL);
INSERT INTO `t_car` VALUES (1932, 'smart forvision', NULL, 45, NULL, NULL, NULL, NULL, NULL, NULL, NULL);
INSERT INTO `t_car` VALUES (1933, 'smart roadster', NULL, 45, NULL, NULL, NULL, NULL, NULL, NULL, NULL);
INSERT INTO `t_car` VALUES (1934, '赛麟野马', NULL, 205, NULL, NULL, NULL, NULL, NULL, NULL, NULL);
INSERT INTO `t_car` VALUES (1935, '赛麟S7', NULL, 205, NULL, NULL, NULL, NULL, NULL, NULL, NULL);
INSERT INTO `t_car` VALUES (1936, '思铭', NULL, 162, NULL, NULL, NULL, NULL, NULL, NULL, NULL);
INSERT INTO `t_car` VALUES (1937, 'SWM斯威X3', NULL, 269, NULL, NULL, NULL, NULL, NULL, NULL, NULL);
INSERT INTO `t_car` VALUES (1938, 'SWM斯威X7', NULL, 269, NULL, NULL, NULL, NULL, NULL, NULL, NULL);
INSERT INTO `t_car` VALUES (1939, 'Scion iA', NULL, 137, NULL, NULL, NULL, NULL, NULL, NULL, NULL);
INSERT INTO `t_car` VALUES (1940, 'Scion xB', NULL, 137, NULL, NULL, NULL, NULL, NULL, NULL, NULL);
INSERT INTO `t_car` VALUES (1941, 'Scion iM', NULL, 137, NULL, NULL, NULL, NULL, NULL, NULL, NULL);
INSERT INTO `t_car` VALUES (1942, 'Scion FR-S', NULL, 137, NULL, NULL, NULL, NULL, NULL, NULL, NULL);
INSERT INTO `t_car` VALUES (1943, 'Scion tC', NULL, 137, NULL, NULL, NULL, NULL, NULL, NULL, NULL);
INSERT INTO `t_car` VALUES (1944, 'Spirra思派朗', NULL, 127, NULL, NULL, NULL, NULL, NULL, NULL, NULL);
INSERT INTO `t_car` VALUES (1945, 'Tuatara', NULL, 138, NULL, NULL, NULL, NULL, NULL, NULL, NULL);
INSERT INTO `t_car` VALUES (1946, 'Saab 9-3', NULL, 64, NULL, NULL, NULL, NULL, NULL, NULL, NULL);
INSERT INTO `t_car` VALUES (1947, 'Saab 9-5', NULL, 64, NULL, NULL, NULL, NULL, NULL, NULL, NULL);
INSERT INTO `t_car` VALUES (1948, 'Saab 9-4X', NULL, 64, NULL, NULL, NULL, NULL, NULL, NULL, NULL);
INSERT INTO `t_car` VALUES (1949, 'Saab 9-7', NULL, 64, NULL, NULL, NULL, NULL, NULL, NULL, NULL);
INSERT INTO `t_car` VALUES (1950, '上海SH760', NULL, 178, NULL, NULL, NULL, NULL, NULL, NULL, NULL);
INSERT INTO `t_car` VALUES (1951, '世爵C8', NULL, 66, NULL, NULL, NULL, NULL, NULL, NULL, NULL);
INSERT INTO `t_car` VALUES (1952, '世爵B6', NULL, 66, NULL, NULL, NULL, NULL, NULL, NULL, NULL);
INSERT INTO `t_car` VALUES (1953, '小贵族', NULL, 90, NULL, NULL, NULL, NULL, NULL, NULL, NULL);
INSERT INTO `t_car` VALUES (1954, '来宝SRV', NULL, 90, NULL, NULL, NULL, NULL, NULL, NULL, NULL);
INSERT INTO `t_car` VALUES (1955, '双环SCEO', NULL, 90, NULL, NULL, NULL, NULL, NULL, NULL, NULL);
INSERT INTO `t_car` VALUES (1956, 'MODEL 3', NULL, 133, NULL, NULL, NULL, NULL, NULL, NULL, NULL);
INSERT INTO `t_car` VALUES (1957, 'MODEL S', NULL, 133, NULL, NULL, NULL, NULL, NULL, NULL, NULL);
INSERT INTO `t_car` VALUES (1958, 'MODEL X', NULL, 133, NULL, NULL, NULL, NULL, NULL, NULL, NULL);
INSERT INTO `t_car` VALUES (1959, 'Roadster', NULL, 133, NULL, NULL, NULL, NULL, NULL, NULL, NULL);
INSERT INTO `t_car` VALUES (1960, '腾势', NULL, 161, NULL, NULL, NULL, NULL, NULL, NULL, NULL);
INSERT INTO `t_car` VALUES (1961, 'GT96 TREV', NULL, 255, NULL, NULL, NULL, NULL, NULL, NULL, NULL);
INSERT INTO `t_car` VALUES (1962, 'Force 1', NULL, 249, NULL, NULL, NULL, NULL, NULL, NULL, NULL);
INSERT INTO `t_car` VALUES (1963, '沃尔沃S40', NULL, 70, NULL, NULL, NULL, NULL, NULL, NULL, NULL);
INSERT INTO `t_car` VALUES (1964, '沃尔沃S80L', NULL, 70, NULL, NULL, NULL, NULL, NULL, NULL, NULL);
INSERT INTO `t_car` VALUES (1965, '沃尔沃S60L', NULL, 70, NULL, NULL, NULL, NULL, NULL, NULL, NULL);
INSERT INTO `t_car` VALUES (1966, '沃尔沃S60L新能源', NULL, 70, NULL, NULL, NULL, NULL, NULL, NULL, NULL);
INSERT INTO `t_car` VALUES (1967, '沃尔沃S90', 3, 70, '2018', NULL, 687.00, 1, 0, 'true', 2);
INSERT INTO `t_car` VALUES (1968, '沃尔沃XC60', NULL, 70, NULL, NULL, NULL, NULL, NULL, NULL, NULL);
INSERT INTO `t_car` VALUES (1969, 'XC Classic', NULL, 70, NULL, NULL, NULL, NULL, NULL, NULL, NULL);
INSERT INTO `t_car` VALUES (1970, '沃尔沃V40', NULL, 70, NULL, NULL, NULL, NULL, NULL, NULL, NULL);
INSERT INTO `t_car` VALUES (1971, '沃尔沃S60', NULL, 70, NULL, NULL, NULL, NULL, NULL, NULL, NULL);
INSERT INTO `t_car` VALUES (1972, '沃尔沃V60', NULL, 70, NULL, NULL, NULL, NULL, NULL, NULL, NULL);
INSERT INTO `t_car` VALUES (1973, '沃尔沃V90', NULL, 70, NULL, NULL, NULL, NULL, NULL, NULL, NULL);
INSERT INTO `t_car` VALUES (1974, '沃尔沃XC90', NULL, 70, NULL, NULL, NULL, NULL, NULL, NULL, NULL);
INSERT INTO `t_car` VALUES (1975, '沃尔沃XC90新能源', NULL, 70, NULL, NULL, NULL, NULL, NULL, NULL, NULL);
INSERT INTO `t_car` VALUES (1976, 'Estate', NULL, 70, NULL, NULL, NULL, NULL, NULL, NULL, NULL);
INSERT INTO `t_car` VALUES (1977, '沃尔沃V50', NULL, 70, NULL, NULL, NULL, NULL, NULL, NULL, NULL);
INSERT INTO `t_car` VALUES (1978, '沃尔沃S80', NULL, 70, NULL, NULL, NULL, NULL, NULL, NULL, NULL);
INSERT INTO `t_car` VALUES (1979, '沃尔沃S90(进口)', NULL, 70, NULL, NULL, NULL, NULL, NULL, NULL, NULL);
INSERT INTO `t_car` VALUES (1980, '沃尔沃V70', NULL, 70, NULL, NULL, NULL, NULL, NULL, NULL, NULL);
INSERT INTO `t_car` VALUES (1981, '沃尔沃You', NULL, 70, NULL, NULL, NULL, NULL, NULL, NULL, NULL);
INSERT INTO `t_car` VALUES (1982, '沃尔沃XC60(进口)', NULL, 70, NULL, NULL, NULL, NULL, NULL, NULL, NULL);
INSERT INTO `t_car` VALUES (1983, '沃尔沃XC70', NULL, 70, NULL, NULL, NULL, NULL, NULL, NULL, NULL);
INSERT INTO `t_car` VALUES (1984, 'XC Coupe', NULL, 70, NULL, NULL, NULL, NULL, NULL, NULL, NULL);
INSERT INTO `t_car` VALUES (1985, '沃尔沃Coupe', NULL, 70, NULL, NULL, NULL, NULL, NULL, NULL, NULL);
INSERT INTO `t_car` VALUES (1986, '沃尔沃C30', NULL, 70, NULL, NULL, NULL, NULL, NULL, NULL, NULL);
INSERT INTO `t_car` VALUES (1987, '沃尔沃S40(进口)', NULL, 70, NULL, NULL, NULL, NULL, NULL, NULL, NULL);
INSERT INTO `t_car` VALUES (1988, '沃尔沃C70', NULL, 70, NULL, NULL, NULL, NULL, NULL, NULL, NULL);
INSERT INTO `t_car` VALUES (1989, '五菱宏光S3', NULL, 114, NULL, NULL, NULL, NULL, NULL, NULL, NULL);
INSERT INTO `t_car` VALUES (1990, '五菱宏光', NULL, 114, NULL, NULL, NULL, NULL, NULL, NULL, NULL);
INSERT INTO `t_car` VALUES (1991, '五菱荣光', NULL, 114, NULL, NULL, NULL, NULL, NULL, NULL, NULL);
INSERT INTO `t_car` VALUES (1992, '五菱荣光V', NULL, 114, NULL, NULL, NULL, NULL, NULL, NULL, NULL);
INSERT INTO `t_car` VALUES (1993, '五菱之光', NULL, 114, NULL, NULL, NULL, NULL, NULL, NULL, NULL);
INSERT INTO `t_car` VALUES (1994, '五菱之光V', NULL, 114, NULL, NULL, NULL, NULL, NULL, NULL, NULL);
INSERT INTO `t_car` VALUES (1995, 'PN货车', NULL, 114, NULL, NULL, NULL, NULL, NULL, NULL, NULL);
INSERT INTO `t_car` VALUES (1996, '五菱荣光小卡', NULL, 114, NULL, NULL, NULL, NULL, NULL, NULL, NULL);
INSERT INTO `t_car` VALUES (1997, '五菱之光小卡', NULL, 114, NULL, NULL, NULL, NULL, NULL, NULL, NULL);
INSERT INTO `t_car` VALUES (1998, '五菱征程', NULL, 114, NULL, NULL, NULL, NULL, NULL, NULL, NULL);
INSERT INTO `t_car` VALUES (1999, 'WEY VV5', NULL, 283, NULL, NULL, NULL, NULL, NULL, NULL, NULL);
INSERT INTO `t_car` VALUES (2000, 'WEY VV7', NULL, 283, NULL, NULL, NULL, NULL, NULL, NULL, NULL);
INSERT INTO `t_car` VALUES (2001, '五十铃mu-X', NULL, 167, NULL, NULL, NULL, NULL, NULL, NULL, NULL);
INSERT INTO `t_car` VALUES (2002, 'D-MAX', NULL, 167, NULL, NULL, NULL, NULL, NULL, NULL, NULL);
INSERT INTO `t_car` VALUES (2003, '瑞迈', NULL, 167, NULL, NULL, NULL, NULL, NULL, NULL, NULL);
INSERT INTO `t_car` VALUES (2004, '五十铃皮卡', NULL, 167, NULL, NULL, NULL, NULL, NULL, NULL, NULL);
INSERT INTO `t_car` VALUES (2005, '五十铃mu-X(海外)', NULL, 167, NULL, NULL, NULL, NULL, NULL, NULL, NULL);
INSERT INTO `t_car` VALUES (2006, 'D-MAX(海外)', NULL, 167, NULL, NULL, NULL, NULL, NULL, NULL, NULL);
INSERT INTO `t_car` VALUES (2007, '英致G3', NULL, 192, NULL, NULL, NULL, NULL, NULL, NULL, NULL);
INSERT INTO `t_car` VALUES (2008, '英致G5', NULL, 192, NULL, NULL, NULL, NULL, NULL, NULL, NULL);
INSERT INTO `t_car` VALUES (2009, '英致727', NULL, 192, NULL, NULL, NULL, NULL, NULL, NULL, NULL);
INSERT INTO `t_car` VALUES (2010, '英致737', NULL, 192, NULL, NULL, NULL, NULL, NULL, NULL, NULL);
INSERT INTO `t_car` VALUES (2011, '威兹曼GT', NULL, 99, NULL, NULL, NULL, NULL, NULL, NULL, NULL);
INSERT INTO `t_car` VALUES (2012, '威兹曼Roadster', NULL, 99, NULL, NULL, NULL, NULL, NULL, NULL, NULL);
INSERT INTO `t_car` VALUES (2013, '威麟X5', NULL, 102, NULL, NULL, NULL, NULL, NULL, NULL, NULL);
INSERT INTO `t_car` VALUES (2014, '威麟V5', NULL, 102, NULL, NULL, NULL, NULL, NULL, NULL, NULL);
INSERT INTO `t_car` VALUES (2015, '威麟V8', NULL, 102, NULL, NULL, NULL, NULL, NULL, NULL, NULL);
INSERT INTO `t_car` VALUES (2016, '威麟H3', NULL, 102, NULL, NULL, NULL, NULL, NULL, NULL, NULL);
INSERT INTO `t_car` VALUES (2017, '威麟H5', NULL, 102, NULL, NULL, NULL, NULL, NULL, NULL, NULL);
INSERT INTO `t_car` VALUES (2018, '蔚来EP9', NULL, 284, NULL, NULL, NULL, NULL, NULL, NULL, NULL);
INSERT INTO `t_car` VALUES (2019, '蔚来EVE', NULL, 284, NULL, NULL, NULL, NULL, NULL, NULL, NULL);
INSERT INTO `t_car` VALUES (2020, '蔚来ES8', NULL, 284, NULL, NULL, NULL, NULL, NULL, NULL, NULL);
INSERT INTO `t_car` VALUES (2021, 'Fenyr SuperSport', NULL, 233, NULL, NULL, NULL, NULL, NULL, NULL, NULL);
INSERT INTO `t_car` VALUES (2022, '威马AG2020', NULL, 291, NULL, NULL, NULL, NULL, NULL, NULL, NULL);
INSERT INTO `t_car` VALUES (2023, '沃克斯豪尔Adam', NULL, 159, NULL, NULL, NULL, NULL, NULL, NULL, NULL);
INSERT INTO `t_car` VALUES (2024, '沃克斯豪尔Corsa', NULL, 159, NULL, NULL, NULL, NULL, NULL, NULL, NULL);
INSERT INTO `t_car` VALUES (2025, 'Astra', NULL, 159, NULL, NULL, NULL, NULL, NULL, NULL, NULL);
INSERT INTO `t_car` VALUES (2026, '瑞纳', NULL, 12, NULL, NULL, NULL, NULL, NULL, NULL, NULL);
INSERT INTO `t_car` VALUES (2027, '瑞奕', NULL, 12, NULL, NULL, NULL, NULL, NULL, NULL, NULL);
INSERT INTO `t_car` VALUES (2028, '悦纳', NULL, 12, NULL, NULL, NULL, NULL, NULL, NULL, NULL);
INSERT INTO `t_car` VALUES (2029, '悦纳RV', NULL, 12, NULL, NULL, NULL, NULL, NULL, NULL, NULL);
INSERT INTO `t_car` VALUES (2030, '悦动', NULL, 12, NULL, NULL, NULL, NULL, NULL, NULL, NULL);
INSERT INTO `t_car` VALUES (2031, '朗动', NULL, 12, NULL, NULL, NULL, NULL, NULL, NULL, NULL);
INSERT INTO `t_car` VALUES (2032, '领动', NULL, 12, NULL, NULL, NULL, NULL, NULL, NULL, NULL);
INSERT INTO `t_car` VALUES (2033, '伊兰特', NULL, 12, NULL, NULL, NULL, NULL, NULL, NULL, NULL);
INSERT INTO `t_car` VALUES (2034, '伊兰特EV', NULL, 12, NULL, NULL, NULL, NULL, NULL, NULL, NULL);
INSERT INTO `t_car` VALUES (2035, '名图', NULL, 12, NULL, NULL, NULL, NULL, NULL, NULL, NULL);
INSERT INTO `t_car` VALUES (2036, '索纳塔九', NULL, 12, NULL, NULL, NULL, NULL, NULL, NULL, NULL);
INSERT INTO `t_car` VALUES (2037, '北京现代ix25', NULL, 12, NULL, NULL, NULL, NULL, NULL, NULL, NULL);
INSERT INTO `t_car` VALUES (2038, '途胜', NULL, 12, NULL, NULL, NULL, NULL, NULL, NULL, NULL);
INSERT INTO `t_car` VALUES (2039, '北京现代ix35', NULL, 12, NULL, NULL, NULL, NULL, NULL, NULL, NULL);
INSERT INTO `t_car` VALUES (2040, '全新胜达', NULL, 12, NULL, NULL, NULL, NULL, NULL, NULL, NULL);
INSERT INTO `t_car` VALUES (2041, '雅绅特', NULL, 12, NULL, NULL, NULL, NULL, NULL, NULL, NULL);
INSERT INTO `t_car` VALUES (2042, '北京现代i30', NULL, 12, NULL, NULL, NULL, NULL, NULL, NULL, NULL);
INSERT INTO `t_car` VALUES (2043, '领翔', NULL, 12, NULL, NULL, NULL, NULL, NULL, NULL, NULL);
INSERT INTO `t_car` VALUES (2044, '名驭', NULL, 12, NULL, NULL, NULL, NULL, NULL, NULL, NULL);
INSERT INTO `t_car` VALUES (2045, '索纳塔', NULL, 12, NULL, NULL, NULL, NULL, NULL, NULL, NULL);
INSERT INTO `t_car` VALUES (2046, '索纳塔八', NULL, 12, NULL, NULL, NULL, NULL, NULL, NULL, NULL);
INSERT INTO `t_car` VALUES (2047, '御翔', NULL, 12, NULL, NULL, NULL, NULL, NULL, NULL, NULL);
INSERT INTO `t_car` VALUES (2048, '康恩迪', NULL, 12, NULL, NULL, NULL, NULL, NULL, NULL, NULL);
INSERT INTO `t_car` VALUES (2049, 'Veloster飞思', NULL, 12, NULL, NULL, NULL, NULL, NULL, NULL, NULL);
INSERT INTO `t_car` VALUES (2050, '雅尊', NULL, 12, NULL, NULL, NULL, NULL, NULL, NULL, NULL);
INSERT INTO `t_car` VALUES (2051, '捷恩斯', NULL, 12, NULL, NULL, NULL, NULL, NULL, NULL, NULL);
INSERT INTO `t_car` VALUES (2052, '雅科仕', NULL, 12, NULL, NULL, NULL, NULL, NULL, NULL, NULL);
INSERT INTO `t_car` VALUES (2053, '格越', NULL, 12, NULL, NULL, NULL, NULL, NULL, NULL, NULL);
INSERT INTO `t_car` VALUES (2054, 'H-1辉翼', NULL, 12, NULL, NULL, NULL, NULL, NULL, NULL, NULL);
INSERT INTO `t_car` VALUES (2055, '现代i10', NULL, 12, NULL, NULL, NULL, NULL, NULL, NULL, NULL);
INSERT INTO `t_car` VALUES (2056, 'Xcent', NULL, 12, NULL, NULL, NULL, NULL, NULL, NULL, NULL);
INSERT INTO `t_car` VALUES (2057, '现代HB20', NULL, 12, NULL, NULL, NULL, NULL, NULL, NULL, NULL);
INSERT INTO `t_car` VALUES (2058, '现代i20', NULL, 12, NULL, NULL, NULL, NULL, NULL, NULL, NULL);
INSERT INTO `t_car` VALUES (2059, '现代ix20', NULL, 12, NULL, NULL, NULL, NULL, NULL, NULL, NULL);
INSERT INTO `t_car` VALUES (2060, '雅绅特(海外)', NULL, 12, NULL, NULL, NULL, NULL, NULL, NULL, NULL);
INSERT INTO `t_car` VALUES (2061, 'Avante', NULL, 12, NULL, NULL, NULL, NULL, NULL, NULL, NULL);
INSERT INTO `t_car` VALUES (2062, 'IONIQ', NULL, 12, NULL, NULL, NULL, NULL, NULL, NULL, NULL);
INSERT INTO `t_car` VALUES (2063, '现代i30(海外)', NULL, 12, NULL, NULL, NULL, NULL, NULL, NULL, NULL);
INSERT INTO `t_car` VALUES (2064, '伊兰特(海外)', NULL, 12, NULL, NULL, NULL, NULL, NULL, NULL, NULL);
INSERT INTO `t_car` VALUES (2065, '索纳塔(进口)', NULL, 12, NULL, NULL, NULL, NULL, NULL, NULL, NULL);
INSERT INTO `t_car` VALUES (2066, '现代i40', NULL, 12, NULL, NULL, NULL, NULL, NULL, NULL, NULL);
INSERT INTO `t_car` VALUES (2067, 'Genesis G80', NULL, 12, NULL, NULL, NULL, NULL, NULL, NULL, NULL);
INSERT INTO `t_car` VALUES (2068, 'Genesis G90', NULL, 12, NULL, NULL, NULL, NULL, NULL, NULL, NULL);
INSERT INTO `t_car` VALUES (2069, 'Intrado', NULL, 12, NULL, NULL, NULL, NULL, NULL, NULL, NULL);
INSERT INTO `t_car` VALUES (2070, '途胜(进口)', NULL, 12, NULL, NULL, NULL, NULL, NULL, NULL, NULL);
INSERT INTO `t_car` VALUES (2071, '现代ix35(海外)', NULL, 12, NULL, NULL, NULL, NULL, NULL, NULL, NULL);
INSERT INTO `t_car` VALUES (2072, '全新胜达(进口)', NULL, 12, NULL, NULL, NULL, NULL, NULL, NULL, NULL);
INSERT INTO `t_car` VALUES (2073, '新胜达(进口)', NULL, 12, NULL, NULL, NULL, NULL, NULL, NULL, NULL);
INSERT INTO `t_car` VALUES (2074, '现代HND-9', NULL, 12, NULL, NULL, NULL, NULL, NULL, NULL, NULL);
INSERT INTO `t_car` VALUES (2075, 'Santa Cruz', NULL, 12, NULL, NULL, NULL, NULL, NULL, NULL, NULL);
INSERT INTO `t_car` VALUES (2076, '君爵', NULL, 12, NULL, NULL, NULL, NULL, NULL, NULL, NULL);
INSERT INTO `t_car` VALUES (2077, '劳恩斯', NULL, 12, NULL, NULL, NULL, NULL, NULL, NULL, NULL);
INSERT INTO `t_car` VALUES (2078, '维拉克斯', NULL, 12, NULL, NULL, NULL, NULL, NULL, NULL, NULL);
INSERT INTO `t_car` VALUES (2079, '美佳', NULL, 12, NULL, NULL, NULL, NULL, NULL, NULL, NULL);
INSERT INTO `t_car` VALUES (2080, '酷派', NULL, 12, NULL, NULL, NULL, NULL, NULL, NULL, NULL);
INSERT INTO `t_car` VALUES (2081, '劳恩斯-酷派', NULL, 12, NULL, NULL, NULL, NULL, NULL, NULL, NULL);
INSERT INTO `t_car` VALUES (2082, '赛欧', NULL, 71, NULL, NULL, NULL, NULL, NULL, NULL, NULL);
INSERT INTO `t_car` VALUES (2083, '乐风RV', NULL, 71, NULL, NULL, NULL, NULL, NULL, NULL, NULL);
INSERT INTO `t_car` VALUES (2084, '科鲁兹', NULL, 71, NULL, NULL, NULL, NULL, NULL, NULL, NULL);
INSERT INTO `t_car` VALUES (2085, '科沃兹', NULL, 71, NULL, NULL, NULL, NULL, NULL, NULL, NULL);
INSERT INTO `t_car` VALUES (2086, '迈锐宝', 2, 71, '2015', NULL, 268.00, 1, 0, 'true', 2);
INSERT INTO `t_car` VALUES (2087, '迈锐宝XL', NULL, 71, NULL, NULL, NULL, NULL, NULL, NULL, NULL);
INSERT INTO `t_car` VALUES (2088, '创酷', NULL, 71, NULL, NULL, NULL, NULL, NULL, NULL, NULL);
INSERT INTO `t_car` VALUES (2089, '科帕奇', NULL, 71, NULL, NULL, NULL, NULL, NULL, NULL, NULL);
INSERT INTO `t_car` VALUES (2090, '探界者', NULL, 71, NULL, NULL, NULL, NULL, NULL, NULL, NULL);
INSERT INTO `t_car` VALUES (2091, '爱唯欧', NULL, 71, NULL, NULL, NULL, NULL, NULL, NULL, NULL);
INSERT INTO `t_car` VALUES (2092, '乐骋', NULL, 71, NULL, NULL, NULL, NULL, NULL, NULL, NULL);
INSERT INTO `t_car` VALUES (2093, '乐风', NULL, 71, NULL, NULL, NULL, NULL, NULL, NULL, NULL);
INSERT INTO `t_car` VALUES (2094, '景程', NULL, 71, NULL, NULL, NULL, NULL, NULL, NULL, NULL);
INSERT INTO `t_car` VALUES (2095, '科迈罗', NULL, 71, NULL, NULL, NULL, NULL, NULL, NULL, NULL);
INSERT INTO `t_car` VALUES (2096, '库罗德', NULL, 71, NULL, NULL, NULL, NULL, NULL, NULL, NULL);
INSERT INTO `t_car` VALUES (2097, '索罗德', NULL, 71, NULL, NULL, NULL, NULL, NULL, NULL, NULL);
INSERT INTO `t_car` VALUES (2098, '斯帕可', NULL, 71, NULL, NULL, NULL, NULL, NULL, NULL, NULL);
INSERT INTO `t_car` VALUES (2099, 'Bolt', NULL, 71, NULL, NULL, NULL, NULL, NULL, NULL, NULL);
INSERT INTO `t_car` VALUES (2100, 'Onix', NULL, 71, NULL, NULL, NULL, NULL, NULL, NULL, NULL);
INSERT INTO `t_car` VALUES (2101, 'Sonic', NULL, 71, NULL, NULL, NULL, NULL, NULL, NULL, NULL);
INSERT INTO `t_car` VALUES (2102, '爱唯欧(海外)', NULL, 71, NULL, NULL, NULL, NULL, NULL, NULL, NULL);
INSERT INTO `t_car` VALUES (2103, '科鲁兹(海外)', NULL, 71, NULL, NULL, NULL, NULL, NULL, NULL, NULL);
INSERT INTO `t_car` VALUES (2104, '沃蓝达', NULL, 71, NULL, NULL, NULL, NULL, NULL, NULL, NULL);
INSERT INTO `t_car` VALUES (2105, 'Impala', NULL, 71, NULL, NULL, NULL, NULL, NULL, NULL, NULL);
INSERT INTO `t_car` VALUES (2106, '迈锐宝(海外)', NULL, 71, NULL, NULL, NULL, NULL, NULL, NULL, NULL);
INSERT INTO `t_car` VALUES (2107, '雪佛兰SS', NULL, 71, NULL, NULL, NULL, NULL, NULL, NULL, NULL);
INSERT INTO `t_car` VALUES (2108, 'Niva', NULL, 71, NULL, NULL, NULL, NULL, NULL, NULL, NULL);
INSERT INTO `t_car` VALUES (2109, '创酷(海外)', NULL, 71, NULL, NULL, NULL, NULL, NULL, NULL, NULL);
INSERT INTO `t_car` VALUES (2110, '科帕奇(进口)', NULL, 71, NULL, NULL, NULL, NULL, NULL, NULL, NULL);
INSERT INTO `t_car` VALUES (2111, '探界者(海外)', NULL, 71, NULL, NULL, NULL, NULL, NULL, NULL, NULL);
INSERT INTO `t_car` VALUES (2112, '雪佛兰TrailBlazer', NULL, 71, NULL, NULL, NULL, NULL, NULL, NULL, NULL);
INSERT INTO `t_car` VALUES (2113, 'Traverse', NULL, 71, NULL, NULL, NULL, NULL, NULL, NULL, NULL);
INSERT INTO `t_car` VALUES (2114, 'Suburban', NULL, 71, NULL, NULL, NULL, NULL, NULL, NULL, NULL);
INSERT INTO `t_car` VALUES (2115, 'Tahoe', NULL, 71, NULL, NULL, NULL, NULL, NULL, NULL, NULL);
INSERT INTO `t_car` VALUES (2116, 'CHEVROLET FNR-X', NULL, 71, NULL, NULL, NULL, NULL, NULL, NULL, NULL);
INSERT INTO `t_car` VALUES (2117, 'Code', NULL, 71, NULL, NULL, NULL, NULL, NULL, NULL, NULL);
INSERT INTO `t_car` VALUES (2118, '科尔维特', NULL, 71, NULL, NULL, NULL, NULL, NULL, NULL, NULL);
INSERT INTO `t_car` VALUES (2119, '雪佛兰Tru', NULL, 71, NULL, NULL, NULL, NULL, NULL, NULL, NULL);
INSERT INTO `t_car` VALUES (2120, 'Orlando', NULL, 71, NULL, NULL, NULL, NULL, NULL, NULL, NULL);
INSERT INTO `t_car` VALUES (2121, '天逸 C5 AIRCROSS', NULL, 72, NULL, NULL, NULL, NULL, NULL, NULL, NULL);
INSERT INTO `t_car` VALUES (2122, '雪铁龙C4L', NULL, 72, NULL, NULL, NULL, NULL, NULL, NULL, NULL);
INSERT INTO `t_car` VALUES (2123, '世嘉', NULL, 72, NULL, NULL, NULL, NULL, NULL, NULL, NULL);
INSERT INTO `t_car` VALUES (2124, '爱丽舍', NULL, 72, NULL, NULL, NULL, NULL, NULL, NULL, NULL);
INSERT INTO `t_car` VALUES (2125, 'C4世嘉', NULL, 72, NULL, NULL, NULL, NULL, NULL, NULL, NULL);
INSERT INTO `t_car` VALUES (2126, '雪铁龙C5', NULL, 72, NULL, NULL, NULL, NULL, NULL, NULL, NULL);
INSERT INTO `t_car` VALUES (2127, '雪铁龙C6', NULL, 72, NULL, NULL, NULL, NULL, NULL, NULL, NULL);
INSERT INTO `t_car` VALUES (2128, '雪铁龙C3-XR', NULL, 72, NULL, NULL, NULL, NULL, NULL, NULL, NULL);
INSERT INTO `t_car` VALUES (2129, '雪铁龙C2', NULL, 72, NULL, NULL, NULL, NULL, NULL, NULL, NULL);
INSERT INTO `t_car` VALUES (2130, '富康', NULL, 72, NULL, NULL, NULL, NULL, NULL, NULL, NULL);
INSERT INTO `t_car` VALUES (2131, '凯旋', NULL, 72, NULL, NULL, NULL, NULL, NULL, NULL, NULL);
INSERT INTO `t_car` VALUES (2132, '赛纳', NULL, 72, NULL, NULL, NULL, NULL, NULL, NULL, NULL);
INSERT INTO `t_car` VALUES (2133, '毕加索', NULL, 72, NULL, NULL, NULL, NULL, NULL, NULL, NULL);
INSERT INTO `t_car` VALUES (2134, '雪铁龙C4 Aircross', NULL, 72, NULL, NULL, NULL, NULL, NULL, NULL, NULL);
INSERT INTO `t_car` VALUES (2135, 'C4 PICASSO', NULL, 72, NULL, NULL, NULL, NULL, NULL, NULL, NULL);
INSERT INTO `t_car` VALUES (2136, 'C-Zero', NULL, 72, NULL, NULL, NULL, NULL, NULL, NULL, NULL);
INSERT INTO `t_car` VALUES (2137, '雪铁龙C1', NULL, 72, NULL, NULL, NULL, NULL, NULL, NULL, NULL);
INSERT INTO `t_car` VALUES (2138, 'C3毕加索', NULL, 72, NULL, NULL, NULL, NULL, NULL, NULL, NULL);
INSERT INTO `t_car` VALUES (2139, 'E-MEHARI', NULL, 72, NULL, NULL, NULL, NULL, NULL, NULL, NULL);
INSERT INTO `t_car` VALUES (2140, '雪铁龙C3', NULL, 72, NULL, NULL, NULL, NULL, NULL, NULL, NULL);
INSERT INTO `t_car` VALUES (2141, '爱丽舍(海外)', NULL, 72, NULL, NULL, NULL, NULL, NULL, NULL, NULL);
INSERT INTO `t_car` VALUES (2142, '雪铁龙C4', NULL, 72, NULL, NULL, NULL, NULL, NULL, NULL, NULL);
INSERT INTO `t_car` VALUES (2143, '雪铁龙C4L(海外)', NULL, 72, NULL, NULL, NULL, NULL, NULL, NULL, NULL);
INSERT INTO `t_car` VALUES (2144, '雪铁龙C5(进口)', NULL, 72, NULL, NULL, NULL, NULL, NULL, NULL, NULL);
INSERT INTO `t_car` VALUES (2145, 'CXPERIENCE', NULL, 72, NULL, NULL, NULL, NULL, NULL, NULL, NULL);
INSERT INTO `t_car` VALUES (2146, 'AirCross', NULL, 72, NULL, NULL, NULL, NULL, NULL, NULL, NULL);
INSERT INTO `t_car` VALUES (2147, '雪铁龙C3 AIRCROSS', NULL, 72, NULL, NULL, NULL, NULL, NULL, NULL, NULL);
INSERT INTO `t_car` VALUES (2148, '雪铁龙C4 Cactus', NULL, 72, NULL, NULL, NULL, NULL, NULL, NULL, NULL);
INSERT INTO `t_car` VALUES (2149, 'Berlingo', NULL, 72, NULL, NULL, NULL, NULL, NULL, NULL, NULL);
INSERT INTO `t_car` VALUES (2150, 'Technospace', NULL, 72, NULL, NULL, NULL, NULL, NULL, NULL, NULL);
INSERT INTO `t_car` VALUES (2151, 'Tubik', NULL, 72, NULL, NULL, NULL, NULL, NULL, NULL, NULL);
INSERT INTO `t_car` VALUES (2152, 'Numero 9', NULL, 72, NULL, NULL, NULL, NULL, NULL, NULL, NULL);
INSERT INTO `t_car` VALUES (2153, 'SPACETOURER', NULL, 72, NULL, NULL, NULL, NULL, NULL, NULL, NULL);
INSERT INTO `t_car` VALUES (2154, 'Lacoste', NULL, 72, NULL, NULL, NULL, NULL, NULL, NULL, NULL);
INSERT INTO `t_car` VALUES (2155, '雪铁龙C6(进口)', NULL, 72, NULL, NULL, NULL, NULL, NULL, NULL, NULL);
INSERT INTO `t_car` VALUES (2156, 'C-Crosser', NULL, 72, NULL, NULL, NULL, NULL, NULL, NULL, NULL);
INSERT INTO `t_car` VALUES (2157, 'Survolt', NULL, 72, NULL, NULL, NULL, NULL, NULL, NULL, NULL);
INSERT INTO `t_car` VALUES (2158, '雪铁龙GT', NULL, 72, NULL, NULL, NULL, NULL, NULL, NULL, NULL);
INSERT INTO `t_car` VALUES (2159, '西雅特Mii', NULL, 98, NULL, NULL, NULL, NULL, NULL, NULL, NULL);
INSERT INTO `t_car` VALUES (2160, '伊比飒', NULL, 98, NULL, NULL, NULL, NULL, NULL, NULL, NULL);
INSERT INTO `t_car` VALUES (2161, 'LEON', NULL, 98, NULL, NULL, NULL, NULL, NULL, NULL, NULL);
INSERT INTO `t_car` VALUES (2162, 'Toledo', NULL, 98, NULL, NULL, NULL, NULL, NULL, NULL, NULL);
INSERT INTO `t_car` VALUES (2163, '西雅特IBL', NULL, 98, NULL, NULL, NULL, NULL, NULL, NULL, NULL);
INSERT INTO `t_car` VALUES (2164, 'Ateca', NULL, 98, NULL, NULL, NULL, NULL, NULL, NULL, NULL);
INSERT INTO `t_car` VALUES (2165, '西雅特IBX', NULL, 98, NULL, NULL, NULL, NULL, NULL, NULL, NULL);
INSERT INTO `t_car` VALUES (2166, '西雅特20V20', NULL, 98, NULL, NULL, NULL, NULL, NULL, NULL, NULL);
INSERT INTO `t_car` VALUES (2167, '欧悦搏', NULL, 98, NULL, NULL, NULL, NULL, NULL, NULL, NULL);
INSERT INTO `t_car` VALUES (2168, '西雅特IBE', NULL, 98, NULL, NULL, NULL, NULL, NULL, NULL, NULL);
INSERT INTO `t_car` VALUES (2169, '小鹏汽车BETA版', NULL, 275, NULL, NULL, NULL, NULL, NULL, NULL, NULL);
INSERT INTO `t_car` VALUES (2170, '英菲尼迪Q50L', NULL, 73, NULL, NULL, NULL, NULL, NULL, NULL, NULL);
INSERT INTO `t_car` VALUES (2171, '英菲尼迪QX50', NULL, 73, NULL, NULL, NULL, NULL, NULL, NULL, NULL);
INSERT INTO `t_car` VALUES (2172, '英菲尼迪Q50', NULL, 73, NULL, NULL, NULL, NULL, NULL, NULL, NULL);
INSERT INTO `t_car` VALUES (2173, '英菲尼迪Q70', NULL, 73, NULL, NULL, NULL, NULL, NULL, NULL, NULL);
INSERT INTO `t_car` VALUES (2174, '英菲尼迪ESQ', NULL, 73, NULL, NULL, NULL, NULL, NULL, NULL, NULL);
INSERT INTO `t_car` VALUES (2175, '英菲尼迪QX30', NULL, 73, NULL, NULL, NULL, NULL, NULL, NULL, NULL);
INSERT INTO `t_car` VALUES (2176, '英菲尼迪QX60', NULL, 73, NULL, NULL, NULL, NULL, NULL, NULL, NULL);
INSERT INTO `t_car` VALUES (2177, '英菲尼迪QX70', NULL, 73, NULL, NULL, NULL, NULL, NULL, NULL, NULL);
INSERT INTO `t_car` VALUES (2178, '英菲尼迪QX80', NULL, 73, NULL, NULL, NULL, NULL, NULL, NULL, NULL);
INSERT INTO `t_car` VALUES (2179, '英菲尼迪Q60', NULL, 73, NULL, NULL, NULL, NULL, NULL, NULL, NULL);
INSERT INTO `t_car` VALUES (2180, 'Etherea', NULL, 73, NULL, NULL, NULL, NULL, NULL, NULL, NULL);
INSERT INTO `t_car` VALUES (2181, '英菲尼迪Q30', NULL, 73, NULL, NULL, NULL, NULL, NULL, NULL, NULL);
INSERT INTO `t_car` VALUES (2182, '英菲尼迪LE', NULL, 73, NULL, NULL, NULL, NULL, NULL, NULL, NULL);
INSERT INTO `t_car` VALUES (2183, '英菲尼迪Q80', NULL, 73, NULL, NULL, NULL, NULL, NULL, NULL, NULL);
INSERT INTO `t_car` VALUES (2184, 'QX Sport Inspiration', NULL, 73, NULL, NULL, NULL, NULL, NULL, NULL, NULL);
INSERT INTO `t_car` VALUES (2185, '英菲尼迪QX50(进口)', NULL, 73, NULL, NULL, NULL, NULL, NULL, NULL, NULL);
INSERT INTO `t_car` VALUES (2186, 'Emerg-E', NULL, 73, NULL, NULL, NULL, NULL, NULL, NULL, NULL);
INSERT INTO `t_car` VALUES (2187, 'Prototype 9', NULL, 73, NULL, NULL, NULL, NULL, NULL, NULL, NULL);
INSERT INTO `t_car` VALUES (2188, '英菲尼迪GranTurismo', NULL, 73, NULL, NULL, NULL, NULL, NULL, NULL, NULL);
INSERT INTO `t_car` VALUES (2189, '英菲尼迪G系', NULL, 73, NULL, NULL, NULL, NULL, NULL, NULL, NULL);
INSERT INTO `t_car` VALUES (2190, '英菲尼迪M系', NULL, 73, NULL, NULL, NULL, NULL, NULL, NULL, NULL);
INSERT INTO `t_car` VALUES (2191, '英菲尼迪EX', NULL, 73, NULL, NULL, NULL, NULL, NULL, NULL, NULL);
INSERT INTO `t_car` VALUES (2192, '英菲尼迪FX', NULL, 73, NULL, NULL, NULL, NULL, NULL, NULL, NULL);
INSERT INTO `t_car` VALUES (2193, '英菲尼迪JX', NULL, 73, NULL, NULL, NULL, NULL, NULL, NULL, NULL);
INSERT INTO `t_car` VALUES (2194, '英菲尼迪QX', NULL, 73, NULL, NULL, NULL, NULL, NULL, NULL, NULL);
INSERT INTO `t_car` VALUES (2195, 'Essence', NULL, 73, NULL, NULL, NULL, NULL, NULL, NULL, NULL);
INSERT INTO `t_car` VALUES (2196, '英菲尼迪Q60S', NULL, 73, NULL, NULL, NULL, NULL, NULL, NULL, NULL);
INSERT INTO `t_car` VALUES (2197, '威志V5', NULL, 110, NULL, NULL, NULL, NULL, NULL, NULL, NULL);
INSERT INTO `t_car` VALUES (2198, '夏利N5', NULL, 110, NULL, NULL, NULL, NULL, NULL, NULL, NULL);
INSERT INTO `t_car` VALUES (2199, '夏利N7', NULL, 110, NULL, NULL, NULL, NULL, NULL, NULL, NULL);
INSERT INTO `t_car` VALUES (2200, '骏派A70', NULL, 110, NULL, NULL, NULL, NULL, NULL, NULL, NULL);
INSERT INTO `t_car` VALUES (2201, '骏派D60', NULL, 110, NULL, NULL, NULL, NULL, NULL, NULL, NULL);
INSERT INTO `t_car` VALUES (2202, '骏派A50', NULL, 110, NULL, NULL, NULL, NULL, NULL, NULL, NULL);
INSERT INTO `t_car` VALUES (2203, '骏派A70E', NULL, 110, NULL, NULL, NULL, NULL, NULL, NULL, NULL);
INSERT INTO `t_car` VALUES (2204, '骏派CX65', NULL, 110, NULL, NULL, NULL, NULL, NULL, NULL, NULL);
INSERT INTO `t_car` VALUES (2205, '威乐', NULL, 110, NULL, NULL, NULL, NULL, NULL, NULL, NULL);
INSERT INTO `t_car` VALUES (2206, '威志', NULL, 110, NULL, NULL, NULL, NULL, NULL, NULL, NULL);
INSERT INTO `t_car` VALUES (2207, '威志V2', NULL, 110, NULL, NULL, NULL, NULL, NULL, NULL, NULL);
INSERT INTO `t_car` VALUES (2208, '威姿', NULL, 110, NULL, NULL, NULL, NULL, NULL, NULL, NULL);
INSERT INTO `t_car` VALUES (2209, '夏利', NULL, 110, NULL, NULL, NULL, NULL, NULL, NULL, NULL);
INSERT INTO `t_car` VALUES (2210, '一汽TFC', NULL, 110, NULL, NULL, NULL, NULL, NULL, NULL, NULL);
INSERT INTO `t_car` VALUES (2211, '森雅R7', NULL, 110, NULL, NULL, NULL, NULL, NULL, NULL, NULL);
INSERT INTO `t_car` VALUES (2212, '佳宝V52', NULL, 110, NULL, NULL, NULL, NULL, NULL, NULL, NULL);
INSERT INTO `t_car` VALUES (2213, '佳宝V75', NULL, 110, NULL, NULL, NULL, NULL, NULL, NULL, NULL);
INSERT INTO `t_car` VALUES (2214, '佳宝V77', NULL, 110, NULL, NULL, NULL, NULL, NULL, NULL, NULL);
INSERT INTO `t_car` VALUES (2215, '佳宝V80', NULL, 110, NULL, NULL, NULL, NULL, NULL, NULL, NULL);
INSERT INTO `t_car` VALUES (2216, '佳宝T50', NULL, 110, NULL, NULL, NULL, NULL, NULL, NULL, NULL);
INSERT INTO `t_car` VALUES (2217, '佳宝T51', NULL, 110, NULL, NULL, NULL, NULL, NULL, NULL, NULL);
INSERT INTO `t_car` VALUES (2218, '佳宝T57', NULL, 110, NULL, NULL, NULL, NULL, NULL, NULL, NULL);
INSERT INTO `t_car` VALUES (2219, '解放T80', NULL, 110, NULL, NULL, NULL, NULL, NULL, NULL, NULL);
INSERT INTO `t_car` VALUES (2220, '森雅S80', NULL, 110, NULL, NULL, NULL, NULL, NULL, NULL, NULL);
INSERT INTO `t_car` VALUES (2221, '森雅M80', NULL, 110, NULL, NULL, NULL, NULL, NULL, NULL, NULL);
INSERT INTO `t_car` VALUES (2222, '佳宝V70', NULL, 110, NULL, NULL, NULL, NULL, NULL, NULL, NULL);
INSERT INTO `t_car` VALUES (2223, '佳宝V70 II代', NULL, 110, NULL, NULL, NULL, NULL, NULL, NULL, NULL);
INSERT INTO `t_car` VALUES (2224, '坤程', NULL, 110, NULL, NULL, NULL, NULL, NULL, NULL, NULL);
INSERT INTO `t_car` VALUES (2225, '驭胜S330', NULL, 263, NULL, NULL, NULL, NULL, NULL, NULL, NULL);
INSERT INTO `t_car` VALUES (2226, '驭胜S350', NULL, 263, NULL, NULL, NULL, NULL, NULL, NULL, NULL);
INSERT INTO `t_car` VALUES (2227, '野马T70', NULL, 111, NULL, NULL, NULL, NULL, NULL, NULL, NULL);
INSERT INTO `t_car` VALUES (2228, '野马T80', NULL, 111, NULL, NULL, NULL, NULL, NULL, NULL, NULL);
INSERT INTO `t_car` VALUES (2229, '野马U能E350', NULL, 111, NULL, NULL, NULL, NULL, NULL, NULL, NULL);
INSERT INTO `t_car` VALUES (2230, '野马EC30', NULL, 111, NULL, NULL, NULL, NULL, NULL, NULL, NULL);
INSERT INTO `t_car` VALUES (2231, '斯派卡', NULL, 111, NULL, NULL, NULL, NULL, NULL, NULL, NULL);
INSERT INTO `t_car` VALUES (2232, '野马A-MPV', NULL, 111, NULL, NULL, NULL, NULL, NULL, NULL, NULL);
INSERT INTO `t_car` VALUES (2233, '野马M302', NULL, 111, NULL, NULL, NULL, NULL, NULL, NULL, NULL);
INSERT INTO `t_car` VALUES (2234, '野马M31D', NULL, 111, NULL, NULL, NULL, NULL, NULL, NULL, NULL);
INSERT INTO `t_car` VALUES (2235, '野马F10', NULL, 111, NULL, NULL, NULL, NULL, NULL, NULL, NULL);
INSERT INTO `t_car` VALUES (2236, '野马F12', NULL, 111, NULL, NULL, NULL, NULL, NULL, NULL, NULL);
INSERT INTO `t_car` VALUES (2237, '野马F16', NULL, 111, NULL, NULL, NULL, NULL, NULL, NULL, NULL);
INSERT INTO `t_car` VALUES (2238, '野马F99', NULL, 111, NULL, NULL, NULL, NULL, NULL, NULL, NULL);
INSERT INTO `t_car` VALUES (2239, '依维柯Power Daily', NULL, 144, NULL, NULL, NULL, NULL, NULL, NULL, NULL);
INSERT INTO `t_car` VALUES (2240, '依维柯得意', NULL, 144, NULL, NULL, NULL, NULL, NULL, NULL, NULL);
INSERT INTO `t_car` VALUES (2241, '都灵', NULL, 144, NULL, NULL, NULL, NULL, NULL, NULL, NULL);
INSERT INTO `t_car` VALUES (2242, 'Iveco VISION', NULL, 144, NULL, NULL, NULL, NULL, NULL, NULL, NULL);
INSERT INTO `t_car` VALUES (2243, '永源五星', NULL, 93, NULL, NULL, NULL, NULL, NULL, NULL, NULL);
INSERT INTO `t_car` VALUES (2244, '猎鹰', NULL, 93, NULL, NULL, NULL, NULL, NULL, NULL, NULL);
INSERT INTO `t_car` VALUES (2245, '永源A380', NULL, 93, NULL, NULL, NULL, NULL, NULL, NULL, NULL);
INSERT INTO `t_car` VALUES (2246, '游侠 X', NULL, 243, NULL, NULL, NULL, NULL, NULL, NULL, NULL);
INSERT INTO `t_car` VALUES (2247, '云度π1', NULL, 286, NULL, NULL, NULL, NULL, NULL, NULL, NULL);
INSERT INTO `t_car` VALUES (2248, '云度π3', NULL, 286, NULL, NULL, NULL, NULL, NULL, NULL, NULL);
INSERT INTO `t_car` VALUES (2249, '云100', NULL, 94, NULL, NULL, NULL, NULL, NULL, NULL, NULL);
INSERT INTO `t_car` VALUES (2250, '芝麻', NULL, 94, NULL, NULL, NULL, NULL, NULL, NULL, NULL);
INSERT INTO `t_car` VALUES (2251, '众泰E200', NULL, 94, NULL, NULL, NULL, NULL, NULL, NULL, NULL);
INSERT INTO `t_car` VALUES (2252, '众泰Z360', NULL, 94, NULL, NULL, NULL, NULL, NULL, NULL, NULL);
INSERT INTO `t_car` VALUES (2253, '众泰Z560', NULL, 94, NULL, NULL, NULL, NULL, NULL, NULL, NULL);
INSERT INTO `t_car` VALUES (2254, '众泰Z700', NULL, 94, NULL, NULL, NULL, NULL, NULL, NULL, NULL);
INSERT INTO `t_car` VALUES (2255, '众泰T300', NULL, 94, NULL, NULL, NULL, NULL, NULL, NULL, NULL);
INSERT INTO `t_car` VALUES (2256, '大迈X5', NULL, 94, NULL, NULL, NULL, NULL, NULL, NULL, NULL);
INSERT INTO `t_car` VALUES (2257, '众泰SR7', NULL, 94, NULL, NULL, NULL, NULL, NULL, NULL, NULL);
INSERT INTO `t_car` VALUES (2258, '大迈X7', NULL, 94, NULL, NULL, NULL, NULL, NULL, NULL, NULL);
INSERT INTO `t_car` VALUES (2259, '众泰SR9', NULL, 94, NULL, NULL, NULL, NULL, NULL, NULL, NULL);
INSERT INTO `t_car` VALUES (2260, '众泰T600', NULL, 94, NULL, NULL, NULL, NULL, NULL, NULL, NULL);
INSERT INTO `t_car` VALUES (2261, '众泰T600 Coupe', NULL, 94, NULL, NULL, NULL, NULL, NULL, NULL, NULL);
INSERT INTO `t_car` VALUES (2262, '众泰T700', NULL, 94, NULL, NULL, NULL, NULL, NULL, NULL, NULL);
INSERT INTO `t_car` VALUES (2263, '众泰V10', NULL, 94, NULL, NULL, NULL, NULL, NULL, NULL, NULL);
INSERT INTO `t_car` VALUES (2264, '众泰E20', NULL, 94, NULL, NULL, NULL, NULL, NULL, NULL, NULL);
INSERT INTO `t_car` VALUES (2265, '众泰T500', NULL, 94, NULL, NULL, NULL, NULL, NULL, NULL, NULL);
INSERT INTO `t_car` VALUES (2266, '众泰M300', NULL, 94, NULL, NULL, NULL, NULL, NULL, NULL, NULL);
INSERT INTO `t_car` VALUES (2267, '江南TT', NULL, 94, NULL, NULL, NULL, NULL, NULL, NULL, NULL);
INSERT INTO `t_car` VALUES (2268, '众泰Z100', NULL, 94, NULL, NULL, NULL, NULL, NULL, NULL, NULL);
INSERT INTO `t_car` VALUES (2269, '众泰Z200', NULL, 94, NULL, NULL, NULL, NULL, NULL, NULL, NULL);
INSERT INTO `t_car` VALUES (2270, '众泰Z200HB', NULL, 94, NULL, NULL, NULL, NULL, NULL, NULL, NULL);
INSERT INTO `t_car` VALUES (2271, '众泰Z300', NULL, 94, NULL, NULL, NULL, NULL, NULL, NULL, NULL);
INSERT INTO `t_car` VALUES (2272, '众泰Z500', NULL, 94, NULL, NULL, NULL, NULL, NULL, NULL, NULL);
INSERT INTO `t_car` VALUES (2273, '众泰2008', NULL, 94, NULL, NULL, NULL, NULL, NULL, NULL, NULL);
INSERT INTO `t_car` VALUES (2274, '众泰5008', NULL, 94, NULL, NULL, NULL, NULL, NULL, NULL, NULL);
INSERT INTO `t_car` VALUES (2275, '众泰T200', NULL, 94, NULL, NULL, NULL, NULL, NULL, NULL, NULL);
INSERT INTO `t_car` VALUES (2276, '中华豚', NULL, 22, NULL, NULL, NULL, NULL, NULL, NULL, NULL);
INSERT INTO `t_car` VALUES (2277, '中华H220', NULL, 22, NULL, NULL, NULL, NULL, NULL, NULL, NULL);
INSERT INTO `t_car` VALUES (2278, '中华H230', NULL, 22, NULL, NULL, NULL, NULL, NULL, NULL, NULL);
INSERT INTO `t_car` VALUES (2279, '中华H3', NULL, 22, NULL, NULL, NULL, NULL, NULL, NULL, NULL);
INSERT INTO `t_car` VALUES (2280, '中华H330', NULL, 22, NULL, NULL, NULL, NULL, NULL, NULL, NULL);
INSERT INTO `t_car` VALUES (2281, '中华H530', NULL, 22, NULL, NULL, NULL, NULL, NULL, NULL, NULL);
INSERT INTO `t_car` VALUES (2282, '中华V3', NULL, 22, NULL, NULL, NULL, NULL, NULL, NULL, NULL);
INSERT INTO `t_car` VALUES (2283, '中华V5', NULL, 22, NULL, NULL, NULL, NULL, NULL, NULL, NULL);
INSERT INTO `t_car` VALUES (2284, '中华C3', NULL, 22, NULL, NULL, NULL, NULL, NULL, NULL, NULL);
INSERT INTO `t_car` VALUES (2285, '中华H320', NULL, 22, NULL, NULL, NULL, NULL, NULL, NULL, NULL);
INSERT INTO `t_car` VALUES (2286, '中华骏捷Cross', NULL, 22, NULL, NULL, NULL, NULL, NULL, NULL, NULL);
INSERT INTO `t_car` VALUES (2287, '中华骏捷FRV', NULL, 22, NULL, NULL, NULL, NULL, NULL, NULL, NULL);
INSERT INTO `t_car` VALUES (2288, '中华骏捷FSV', NULL, 22, NULL, NULL, NULL, NULL, NULL, NULL, NULL);
INSERT INTO `t_car` VALUES (2289, '中华骏捷', NULL, 22, NULL, NULL, NULL, NULL, NULL, NULL, NULL);
INSERT INTO `t_car` VALUES (2290, '中华尊驰', NULL, 22, NULL, NULL, NULL, NULL, NULL, NULL, NULL);
INSERT INTO `t_car` VALUES (2291, '中华酷宝', NULL, 22, NULL, NULL, NULL, NULL, NULL, NULL, NULL);
INSERT INTO `t_car` VALUES (2292, '中兴C3', NULL, 74, NULL, NULL, NULL, NULL, NULL, NULL, NULL);
INSERT INTO `t_car` VALUES (2293, '中兴GX3', NULL, 74, NULL, NULL, NULL, NULL, NULL, NULL, NULL);
INSERT INTO `t_car` VALUES (2294, '领主', NULL, 74, NULL, NULL, NULL, NULL, NULL, NULL, NULL);
INSERT INTO `t_car` VALUES (2295, '威虎', NULL, 74, NULL, NULL, NULL, NULL, NULL, NULL, NULL);
INSERT INTO `t_car` VALUES (2296, '小老虎', NULL, 74, NULL, NULL, NULL, NULL, NULL, NULL, NULL);
INSERT INTO `t_car` VALUES (2297, '无限V3', NULL, 74, NULL, NULL, NULL, NULL, NULL, NULL, NULL);
INSERT INTO `t_car` VALUES (2298, '无限V5', NULL, 74, NULL, NULL, NULL, NULL, NULL, NULL, NULL);
INSERT INTO `t_car` VALUES (2299, '无限V7', NULL, 74, NULL, NULL, NULL, NULL, NULL, NULL, NULL);
INSERT INTO `t_car` VALUES (2300, '昌铃', NULL, 74, NULL, NULL, NULL, NULL, NULL, NULL, NULL);
INSERT INTO `t_car` VALUES (2301, '旗舰A9', NULL, 74, NULL, NULL, NULL, NULL, NULL, NULL, NULL);
INSERT INTO `t_car` VALUES (2302, '威虎G3', NULL, 74, NULL, NULL, NULL, NULL, NULL, NULL, NULL);
INSERT INTO `t_car` VALUES (2303, '知豆D1', NULL, 206, NULL, NULL, NULL, NULL, NULL, NULL, NULL);
INSERT INTO `t_car` VALUES (2304, '知豆D2', NULL, 206, NULL, NULL, NULL, NULL, NULL, NULL, NULL);
INSERT INTO `t_car` VALUES (2305, '知豆', NULL, 206, NULL, NULL, NULL, NULL, NULL, NULL, NULL);
INSERT INTO `t_car` VALUES (2306, '之诺1E', NULL, 182, NULL, NULL, NULL, NULL, NULL, NULL, NULL);
INSERT INTO `t_car` VALUES (2307, '之诺60H', NULL, 182, NULL, NULL, NULL, NULL, NULL, NULL, NULL);
INSERT INTO `t_car` VALUES (2308, 'Zenvo', NULL, 153, NULL, NULL, NULL, NULL, NULL, NULL, NULL);
INSERT INTO `t_car` VALUES (2309, '正道H600', NULL, 290, NULL, NULL, NULL, NULL, NULL, NULL, NULL);
INSERT INTO `t_car` VALUES (2317, 'test', 1, 1, NULL, NULL, NULL, 0, 1, NULL, NULL);
COMMIT;

-- ----------------------------
-- Table structure for t_carbrand
-- ----------------------------
DROP TABLE IF EXISTS `t_carbrand`;
CREATE TABLE `t_carbrand` (
  `brandId` int(11) NOT NULL AUTO_INCREMENT,
  `brandName` varchar(255) CHARACTER SET utf8 COLLATE utf8_general_ci NOT NULL,
  PRIMARY KEY (`brandId`) USING BTREE
) ENGINE=InnoDB AUTO_INCREMENT=317 DEFAULT CHARSET=utf8 ROW_FORMAT=COMPACT;

-- ----------------------------
-- Records of t_carbrand
-- ----------------------------
BEGIN;
INSERT INTO `t_carbrand` VALUES (1, '大众');
INSERT INTO `t_carbrand` VALUES (3, '丰田');
INSERT INTO `t_carbrand` VALUES (8, '福特');
INSERT INTO `t_carbrand` VALUES (9, '克莱斯勒');
INSERT INTO `t_carbrand` VALUES (10, '雷诺');
INSERT INTO `t_carbrand` VALUES (11, '菲亚特');
INSERT INTO `t_carbrand` VALUES (12, '现代');
INSERT INTO `t_carbrand` VALUES (13, '标致');
INSERT INTO `t_carbrand` VALUES (14, '本田');
INSERT INTO `t_carbrand` VALUES (15, '宝马');
INSERT INTO `t_carbrand` VALUES (19, '荣威');
INSERT INTO `t_carbrand` VALUES (20, '名爵');
INSERT INTO `t_carbrand` VALUES (22, '中华');
INSERT INTO `t_carbrand` VALUES (24, '哈飞');
INSERT INTO `t_carbrand` VALUES (25, '吉利汽车');
INSERT INTO `t_carbrand` VALUES (26, '奇瑞');
INSERT INTO `t_carbrand` VALUES (27, '北京');
INSERT INTO `t_carbrand` VALUES (32, '东风');
INSERT INTO `t_carbrand` VALUES (33, '奥迪');
INSERT INTO `t_carbrand` VALUES (34, '阿尔法·罗密欧');
INSERT INTO `t_carbrand` VALUES (35, '阿斯顿·马丁');
INSERT INTO `t_carbrand` VALUES (36, '奔驰');
INSERT INTO `t_carbrand` VALUES (37, '布加迪');
INSERT INTO `t_carbrand` VALUES (38, '别克');
INSERT INTO `t_carbrand` VALUES (39, '宾利');
INSERT INTO `t_carbrand` VALUES (40, '保时捷');
INSERT INTO `t_carbrand` VALUES (41, '道奇');
INSERT INTO `t_carbrand` VALUES (42, '法拉利');
INSERT INTO `t_carbrand` VALUES (43, '悍马');
INSERT INTO `t_carbrand` VALUES (44, '捷豹');
INSERT INTO `t_carbrand` VALUES (45, 'smart');
INSERT INTO `t_carbrand` VALUES (46, 'Jeep');
INSERT INTO `t_carbrand` VALUES (47, '凯迪拉克');
INSERT INTO `t_carbrand` VALUES (48, '兰博基尼');
INSERT INTO `t_carbrand` VALUES (49, '路虎');
INSERT INTO `t_carbrand` VALUES (50, '路特斯');
INSERT INTO `t_carbrand` VALUES (51, '林肯');
INSERT INTO `t_carbrand` VALUES (52, '雷克萨斯');
INSERT INTO `t_carbrand` VALUES (53, '铃木');
INSERT INTO `t_carbrand` VALUES (54, '劳斯莱斯');
INSERT INTO `t_carbrand` VALUES (55, '迈巴赫');
INSERT INTO `t_carbrand` VALUES (56, 'MINI');
INSERT INTO `t_carbrand` VALUES (57, '玛莎拉蒂');
INSERT INTO `t_carbrand` VALUES (58, '马自达');
INSERT INTO `t_carbrand` VALUES (59, '欧宝');
INSERT INTO `t_carbrand` VALUES (60, '讴歌');
INSERT INTO `t_carbrand` VALUES (61, '帕加尼');
INSERT INTO `t_carbrand` VALUES (62, '起亚');
INSERT INTO `t_carbrand` VALUES (63, '日产');
INSERT INTO `t_carbrand` VALUES (64, '萨博');
INSERT INTO `t_carbrand` VALUES (65, '斯巴鲁');
INSERT INTO `t_carbrand` VALUES (66, '世爵');
INSERT INTO `t_carbrand` VALUES (67, '斯柯达');
INSERT INTO `t_carbrand` VALUES (68, '三菱');
INSERT INTO `t_carbrand` VALUES (69, '双龙');
INSERT INTO `t_carbrand` VALUES (70, '沃尔沃');
INSERT INTO `t_carbrand` VALUES (71, '雪佛兰');
INSERT INTO `t_carbrand` VALUES (72, '雪铁龙');
INSERT INTO `t_carbrand` VALUES (73, '英菲尼迪');
INSERT INTO `t_carbrand` VALUES (74, '中兴');
INSERT INTO `t_carbrand` VALUES (75, '比亚迪');
INSERT INTO `t_carbrand` VALUES (76, '长安');
INSERT INTO `t_carbrand` VALUES (77, '长城');
INSERT INTO `t_carbrand` VALUES (78, '猎豹汽车');
INSERT INTO `t_carbrand` VALUES (79, '昌河');
INSERT INTO `t_carbrand` VALUES (80, '力帆汽车');
INSERT INTO `t_carbrand` VALUES (81, '东南');
INSERT INTO `t_carbrand` VALUES (82, '广汽传祺');
INSERT INTO `t_carbrand` VALUES (83, '金杯');
INSERT INTO `t_carbrand` VALUES (84, '江淮');
INSERT INTO `t_carbrand` VALUES (85, '华普');
INSERT INTO `t_carbrand` VALUES (86, '海马');
INSERT INTO `t_carbrand` VALUES (87, '华泰');
INSERT INTO `t_carbrand` VALUES (88, '陆风');
INSERT INTO `t_carbrand` VALUES (89, '莲花汽车');
INSERT INTO `t_carbrand` VALUES (90, '双环');
INSERT INTO `t_carbrand` VALUES (91, '红旗');
INSERT INTO `t_carbrand` VALUES (92, '大发');
INSERT INTO `t_carbrand` VALUES (93, '永源');
INSERT INTO `t_carbrand` VALUES (94, '众泰');
INSERT INTO `t_carbrand` VALUES (95, '奔腾');
INSERT INTO `t_carbrand` VALUES (96, '福田');
INSERT INTO `t_carbrand` VALUES (97, '黄海');
INSERT INTO `t_carbrand` VALUES (98, '西雅特');
INSERT INTO `t_carbrand` VALUES (99, '威兹曼');
INSERT INTO `t_carbrand` VALUES (100, '科尼赛克');
INSERT INTO `t_carbrand` VALUES (101, '开瑞');
INSERT INTO `t_carbrand` VALUES (102, '威麟');
INSERT INTO `t_carbrand` VALUES (103, '瑞麒');
INSERT INTO `t_carbrand` VALUES (108, '广汽吉奥');
INSERT INTO `t_carbrand` VALUES (109, 'KTM');
INSERT INTO `t_carbrand` VALUES (110, '一汽');
INSERT INTO `t_carbrand` VALUES (111, '野马汽车');
INSERT INTO `t_carbrand` VALUES (112, 'GMC');
INSERT INTO `t_carbrand` VALUES (113, '东风风神');
INSERT INTO `t_carbrand` VALUES (114, '五菱汽车');
INSERT INTO `t_carbrand` VALUES (115, 'Gumpert');
INSERT INTO `t_carbrand` VALUES (116, '光冈');
INSERT INTO `t_carbrand` VALUES (117, 'AC Schnitzer');
INSERT INTO `t_carbrand` VALUES (119, '江铃');
INSERT INTO `t_carbrand` VALUES (120, '宝骏');
INSERT INTO `t_carbrand` VALUES (121, '蓝旗亚');
INSERT INTO `t_carbrand` VALUES (122, '启辰');
INSERT INTO `t_carbrand` VALUES (124, '理念');
INSERT INTO `t_carbrand` VALUES (127, 'SPIRRA');
INSERT INTO `t_carbrand` VALUES (129, '迈凯伦');
INSERT INTO `t_carbrand` VALUES (130, '纳智捷');
INSERT INTO `t_carbrand` VALUES (132, 'Fisker');
INSERT INTO `t_carbrand` VALUES (133, '特斯拉');
INSERT INTO `t_carbrand` VALUES (136, 'Noble');
INSERT INTO `t_carbrand` VALUES (137, 'Scion');
INSERT INTO `t_carbrand` VALUES (138, 'SSC');
INSERT INTO `t_carbrand` VALUES (139, '凯佰赫');
INSERT INTO `t_carbrand` VALUES (140, '巴博斯');
INSERT INTO `t_carbrand` VALUES (141, '福迪');
INSERT INTO `t_carbrand` VALUES (142, '东风小康');
INSERT INTO `t_carbrand` VALUES (143, '北汽威旺');
INSERT INTO `t_carbrand` VALUES (144, '依维柯');
INSERT INTO `t_carbrand` VALUES (145, '金龙');
INSERT INTO `t_carbrand` VALUES (146, '欧朗');
INSERT INTO `t_carbrand` VALUES (150, '海格');
INSERT INTO `t_carbrand` VALUES (151, '九龙');
INSERT INTO `t_carbrand` VALUES (152, '观致');
INSERT INTO `t_carbrand` VALUES (153, 'Zenvo');
INSERT INTO `t_carbrand` VALUES (154, '北汽制造');
INSERT INTO `t_carbrand` VALUES (155, '上汽大通');
INSERT INTO `t_carbrand` VALUES (156, '卡尔森');
INSERT INTO `t_carbrand` VALUES (157, 'Dacia');
INSERT INTO `t_carbrand` VALUES (159, '沃克斯豪尔');
INSERT INTO `t_carbrand` VALUES (161, '腾势');
INSERT INTO `t_carbrand` VALUES (162, '思铭');
INSERT INTO `t_carbrand` VALUES (163, '长安欧尚');
INSERT INTO `t_carbrand` VALUES (164, '恒天');
INSERT INTO `t_carbrand` VALUES (165, '东风风行');
INSERT INTO `t_carbrand` VALUES (167, '五十铃');
INSERT INTO `t_carbrand` VALUES (168, '摩根');
INSERT INTO `t_carbrand` VALUES (169, 'DS');
INSERT INTO `t_carbrand` VALUES (170, 'Hennessey');
INSERT INTO `t_carbrand` VALUES (173, '北汽绅宝');
INSERT INTO `t_carbrand` VALUES (174, '如虎');
INSERT INTO `t_carbrand` VALUES (175, '金旅');
INSERT INTO `t_carbrand` VALUES (178, '上海');
INSERT INTO `t_carbrand` VALUES (181, '哈弗');
INSERT INTO `t_carbrand` VALUES (182, '之诺');
INSERT INTO `t_carbrand` VALUES (183, '朗世');
INSERT INTO `t_carbrand` VALUES (184, '华骐');
INSERT INTO `t_carbrand` VALUES (186, '佩奇奥');
INSERT INTO `t_carbrand` VALUES (187, '东风风度');
INSERT INTO `t_carbrand` VALUES (188, 'Icona');
INSERT INTO `t_carbrand` VALUES (189, 'Caterham');
INSERT INTO `t_carbrand` VALUES (192, '潍柴英致');
INSERT INTO `t_carbrand` VALUES (193, 'Rinspeed');
INSERT INTO `t_carbrand` VALUES (196, '成功汽车');
INSERT INTO `t_carbrand` VALUES (197, '福汽启腾');
INSERT INTO `t_carbrand` VALUES (198, 'DMC');
INSERT INTO `t_carbrand` VALUES (199, '卡威');
INSERT INTO `t_carbrand` VALUES (203, '北汽幻速');
INSERT INTO `t_carbrand` VALUES (205, '赛麟');
INSERT INTO `t_carbrand` VALUES (206, '知豆');
INSERT INTO `t_carbrand` VALUES (208, '北汽新能源');
INSERT INTO `t_carbrand` VALUES (210, '江铃集团轻汽');
INSERT INTO `t_carbrand` VALUES (213, '南京金龙');
INSERT INTO `t_carbrand` VALUES (214, '凯翼');
INSERT INTO `t_carbrand` VALUES (220, '华颂');
INSERT INTO `t_carbrand` VALUES (221, '安凯客车');
INSERT INTO `t_carbrand` VALUES (225, '领志');
INSERT INTO `t_carbrand` VALUES (228, 'nanoFLOWCELL');
INSERT INTO `t_carbrand` VALUES (231, '宝沃');
INSERT INTO `t_carbrand` VALUES (233, 'W Motors');
INSERT INTO `t_carbrand` VALUES (235, '前途');
INSERT INTO `t_carbrand` VALUES (237, '华利');
INSERT INTO `t_carbrand` VALUES (239, 'Rezvani');
INSERT INTO `t_carbrand` VALUES (240, '霍顿');
INSERT INTO `t_carbrand` VALUES (243, '游侠');
INSERT INTO `t_carbrand` VALUES (245, '华凯');
INSERT INTO `t_carbrand` VALUES (248, 'Faraday Future');
INSERT INTO `t_carbrand` VALUES (249, 'VLF Automotive');
INSERT INTO `t_carbrand` VALUES (251, 'Arash');
INSERT INTO `t_carbrand` VALUES (252, 'Rimac');
INSERT INTO `t_carbrand` VALUES (255, '泰克鲁斯·腾风');
INSERT INTO `t_carbrand` VALUES (259, '东风风光');
INSERT INTO `t_carbrand` VALUES (260, '华泰新能源');
INSERT INTO `t_carbrand` VALUES (263, '驭胜');
INSERT INTO `t_carbrand` VALUES (264, '长江EV');
INSERT INTO `t_carbrand` VALUES (265, 'LeSEE');
INSERT INTO `t_carbrand` VALUES (267, '汉腾汽车');
INSERT INTO `t_carbrand` VALUES (269, 'SWM斯威汽车');
INSERT INTO `t_carbrand` VALUES (270, '江铃集团新能源');
INSERT INTO `t_carbrand` VALUES (271, '比速汽车');
INSERT INTO `t_carbrand` VALUES (272, 'ARCFOX');
INSERT INTO `t_carbrand` VALUES (273, '艾康尼克');
INSERT INTO `t_carbrand` VALUES (275, '小鹏汽车');
INSERT INTO `t_carbrand` VALUES (276, 'ALPINA');
INSERT INTO `t_carbrand` VALUES (277, 'GLM');
INSERT INTO `t_carbrand` VALUES (279, '领克');
INSERT INTO `t_carbrand` VALUES (281, '奇点汽车');
INSERT INTO `t_carbrand` VALUES (282, '福田乘用车');
INSERT INTO `t_carbrand` VALUES (283, 'WEY');
INSERT INTO `t_carbrand` VALUES (284, '蔚来');
INSERT INTO `t_carbrand` VALUES (286, '云度');
INSERT INTO `t_carbrand` VALUES (290, '正道汽车');
INSERT INTO `t_carbrand` VALUES (291, '威马汽车');
INSERT INTO `t_carbrand` VALUES (294, '长安轻型车');
INSERT INTO `t_carbrand` VALUES (295, 'NEVS');
INSERT INTO `t_carbrand` VALUES (299, '长安跨越');
INSERT INTO `t_carbrand` VALUES (301, '北汽道达');
COMMIT;

-- ----------------------------
-- Table structure for t_cardetail
-- ----------------------------
DROP TABLE IF EXISTS `t_cardetail`;
CREATE TABLE `t_cardetail` (
  `cdId` int(11) NOT NULL AUTO_INCREMENT,
  `productYear` varchar(255) CHARACTER SET utf8 COLLATE utf8_general_ci DEFAULT NULL,
  `level` varchar(255) DEFAULT NULL,
  `seats` int(255) DEFAULT NULL,
  `doors` int(255) DEFAULT NULL,
  `energyId` int(255) DEFAULT NULL,
  `gearId` int(255) DEFAULT NULL,
  `displacement` varchar(255) DEFAULT NULL,
  `drive` int(255) DEFAULT NULL,
  `upwindow` int(255) DEFAULT NULL,
  `radar` int(255) DEFAULT NULL,
  `gps` int(255) DEFAULT NULL,
  `carId` int(11) DEFAULT NULL,
  `lisence` int(255) DEFAULT NULL,
  `fsfile` int(255) DEFAULT NULL,
  `isDeleted` int(255) DEFAULT NULL,
  `isOnline` int(255) DEFAULT NULL,
  `userId` int(11) DEFAULT NULL,
  `plate` varchar(255) DEFAULT NULL,
  `photos` int(255) DEFAULT NULL,
  PRIMARY KEY (`cdId`) USING BTREE,
  KEY `FKD_carid` (`carId`),
  KEY `FKD_userId` (`userId`),
  KEY `FK_energyId` (`energyId`),
  KEY `FK_gearId` (`gearId`),
  CONSTRAINT `FKD_carid` FOREIGN KEY (`carId`) REFERENCES `t_car` (`carId`) ON DELETE CASCADE ON UPDATE CASCADE,
  CONSTRAINT `FKD_userId` FOREIGN KEY (`userId`) REFERENCES `t_user` (`userId`) ON DELETE CASCADE ON UPDATE CASCADE,
  CONSTRAINT `FK_energyId` FOREIGN KEY (`energyId`) REFERENCES `t_energe` (`energeId`) ON DELETE RESTRICT ON UPDATE CASCADE,
  CONSTRAINT `FK_gearId` FOREIGN KEY (`gearId`) REFERENCES `t_gear` (`gearId`) ON DELETE RESTRICT ON UPDATE CASCADE
) ENGINE=InnoDB AUTO_INCREMENT=24 DEFAULT CHARSET=utf8;

-- ----------------------------
-- Records of t_cardetail
-- ----------------------------
BEGIN;
INSERT INTO `t_cardetail` VALUES (1, '2019', '自动风尚版', 5, 4, 1, 4, '每百公里7L', 1, 1, 1, 1, 572, NULL, NULL, 0, 1, NULL, NULL, 1);
INSERT INTO `t_cardetail` VALUES (2, '2019', 'GTI', 5, 4, 1, 4, '每百公里11L', 3, 1, 1, 1, 572, NULL, NULL, 0, 1, NULL, '', 1);
INSERT INTO `t_cardetail` VALUES (13, '2015', '尊荣版', 5, 4, 1, 3, '1.8T', 1, 1, 1, 1, 560, 1, 1, 0, 1, 2, NULL, 1);
INSERT INTO `t_cardetail` VALUES (14, '2012', 'TFSI 标准型', 5, 4, 1, 2, '2.0T', 1, 1, 1, 1, 7, 1, 1, 3, 1, 1, NULL, 1);
INSERT INTO `t_cardetail` VALUES (16, '2015', '15N 手动进取型', 5, 4, 1, 1, '1.5L', 1, 0, 0, 0, 266, 1, 1, 4, 1, 1, NULL, 1);
INSERT INTO `t_cardetail` VALUES (17, '2013', '自动四驱旗舰型', 5, 4, 1, 4, '1.4T', 3, 1, 1, 1, 269, 1, 1, 4, 1, 1, NULL, 1);
INSERT INTO `t_cardetail` VALUES (18, '2017', 'ES 28T 舒适型', 6, 5, 1, 4, '2.0T', 1, 1, 1, 0, 271, 1, 1, 4, 1, 1, NULL, 1);
INSERT INTO `t_cardetail` VALUES (19, '2018', '自动舒适版', 5, 4, 1, 4, '1.5L', 1, 1, 1, 0, 557, 1, 1, 0, 1, 1, NULL, 1);
INSERT INTO `t_cardetail` VALUES (20, '2013', '自动四驱舒适版', 5, 4, 1, 3, '1.8T', 3, 1, 1, 1, 562, 1, 1, 0, 1, 1, NULL, 1);
INSERT INTO `t_cardetail` VALUES (21, '2017', '28T 技术型', 5, 4, 1, 4, '2.0T', 1, 1, 1, 1, 1243, 1, 1, 0, 1, 1, NULL, 1);
INSERT INTO `t_cardetail` VALUES (22, '2018', 'T5 智远版', 5, 4, 1, 4, '2.0T', 1, 1, 1, 1, 1967, 1, 1, 0, 1, 1, NULL, 1);
INSERT INTO `t_cardetail` VALUES (23, '2013', '自动豪华版', 5, 4, 1, 4, '2.4L', 1, 1, 1, 0, 2086, 1, 1, 0, 1, 2, NULL, 1);
COMMIT;

-- ----------------------------
-- Table structure for t_cartype
-- ----------------------------
DROP TABLE IF EXISTS `t_cartype`;
CREATE TABLE `t_cartype` (
  `cTypeId` int(11) NOT NULL AUTO_INCREMENT,
  `cTypeName` varchar(255) CHARACTER SET utf8 COLLATE utf8_general_ci NOT NULL,
  PRIMARY KEY (`cTypeId`) USING BTREE
) ENGINE=InnoDB AUTO_INCREMENT=10 DEFAULT CHARSET=utf8 ROW_FORMAT=COMPACT;

-- ----------------------------
-- Records of t_cartype
-- ----------------------------
BEGIN;
INSERT INTO `t_cartype` VALUES (1, '经凑型');
INSERT INTO `t_cartype` VALUES (2, '经济型');
INSERT INTO `t_cartype` VALUES (3, '商务型');
INSERT INTO `t_cartype` VALUES (4, '豪华型');
INSERT INTO `t_cartype` VALUES (5, 'SUV');
INSERT INTO `t_cartype` VALUES (6, '6至15座商务车');
INSERT INTO `t_cartype` VALUES (7, '个性车');
INSERT INTO `t_cartype` VALUES (8, '电动车');
COMMIT;

-- ----------------------------
-- Table structure for t_city
-- ----------------------------
DROP TABLE IF EXISTS `t_city`;
CREATE TABLE `t_city` (
  `cId` int(11) NOT NULL AUTO_INCREMENT,
  `cName` varchar(255) CHARACTER SET utf8 COLLATE utf8_general_ci NOT NULL,
  `pId` int(11) DEFAULT NULL,
  PRIMARY KEY (`cId`) USING BTREE,
  KEY `FK_pId` (`pId`) USING BTREE,
  CONSTRAINT `FK_pId` FOREIGN KEY (`pId`) REFERENCES `t_province` (`pId`) ON DELETE CASCADE ON UPDATE CASCADE
) ENGINE=InnoDB AUTO_INCREMENT=441 DEFAULT CHARSET=utf8 ROW_FORMAT=COMPACT;

-- ----------------------------
-- Records of t_city
-- ----------------------------
BEGIN;
INSERT INTO `t_city` VALUES (1, '东城', 1);
INSERT INTO `t_city` VALUES (2, '西城', 1);
INSERT INTO `t_city` VALUES (3, '崇文', 1);
INSERT INTO `t_city` VALUES (4, '宣武', 1);
INSERT INTO `t_city` VALUES (5, '朝阳', 1);
INSERT INTO `t_city` VALUES (6, '海淀', 1);
INSERT INTO `t_city` VALUES (7, '丰台', 1);
INSERT INTO `t_city` VALUES (8, '石景山', 1);
INSERT INTO `t_city` VALUES (9, '门头沟', 1);
INSERT INTO `t_city` VALUES (10, '房山', 1);
INSERT INTO `t_city` VALUES (11, '通州', 1);
INSERT INTO `t_city` VALUES (12, '顺义', 1);
INSERT INTO `t_city` VALUES (13, '大兴', 1);
INSERT INTO `t_city` VALUES (14, '昌平', 1);
INSERT INTO `t_city` VALUES (15, '平谷', 1);
INSERT INTO `t_city` VALUES (16, '怀柔', 1);
INSERT INTO `t_city` VALUES (17, '延庆', 1);
INSERT INTO `t_city` VALUES (18, '密云', 1);
INSERT INTO `t_city` VALUES (19, '和平区', 2);
INSERT INTO `t_city` VALUES (20, '河东区', 2);
INSERT INTO `t_city` VALUES (21, '河西区', 2);
INSERT INTO `t_city` VALUES (22, '南开区', 2);
INSERT INTO `t_city` VALUES (23, '河北区', 2);
INSERT INTO `t_city` VALUES (24, '红桥区', 2);
INSERT INTO `t_city` VALUES (25, '塘沽区', 2);
INSERT INTO `t_city` VALUES (26, '汉沽区', 2);
INSERT INTO `t_city` VALUES (27, '大港区', 2);
INSERT INTO `t_city` VALUES (28, '西青区', 2);
INSERT INTO `t_city` VALUES (29, '东丽区', 2);
INSERT INTO `t_city` VALUES (30, '津南区', 2);
INSERT INTO `t_city` VALUES (31, '北辰区', 2);
INSERT INTO `t_city` VALUES (32, '武清区', 2);
INSERT INTO `t_city` VALUES (33, '宝坻区', 2);
INSERT INTO `t_city` VALUES (34, '静海县', 2);
INSERT INTO `t_city` VALUES (35, '宁河县', 2);
INSERT INTO `t_city` VALUES (36, '蓟县', 2);
INSERT INTO `t_city` VALUES (37, '浦东新区', 3);
INSERT INTO `t_city` VALUES (38, '徐汇区', 3);
INSERT INTO `t_city` VALUES (39, '长宁区', 3);
INSERT INTO `t_city` VALUES (40, '普陀区', 3);
INSERT INTO `t_city` VALUES (41, '闸北区', 3);
INSERT INTO `t_city` VALUES (42, '虹口区', 3);
INSERT INTO `t_city` VALUES (43, '杨浦区', 3);
INSERT INTO `t_city` VALUES (44, '黄浦区', 3);
INSERT INTO `t_city` VALUES (45, '卢湾区', 3);
INSERT INTO `t_city` VALUES (46, '静安区', 3);
INSERT INTO `t_city` VALUES (47, '宝山区', 3);
INSERT INTO `t_city` VALUES (48, '闵行区', 3);
INSERT INTO `t_city` VALUES (49, '嘉定区', 3);
INSERT INTO `t_city` VALUES (50, '金山区', 3);
INSERT INTO `t_city` VALUES (51, '松江区', 3);
INSERT INTO `t_city` VALUES (52, '青浦区', 3);
INSERT INTO `t_city` VALUES (53, '崇明县', 3);
INSERT INTO `t_city` VALUES (54, '奉贤区', 3);
INSERT INTO `t_city` VALUES (55, '南汇区', 3);
INSERT INTO `t_city` VALUES (56, '渝中', 4);
INSERT INTO `t_city` VALUES (57, '大渡口', 4);
INSERT INTO `t_city` VALUES (58, '江北', 4);
INSERT INTO `t_city` VALUES (59, '沙坪坝', 4);
INSERT INTO `t_city` VALUES (60, '九龙坡', 4);
INSERT INTO `t_city` VALUES (61, '南岸', 4);
INSERT INTO `t_city` VALUES (62, '北碚', 4);
INSERT INTO `t_city` VALUES (63, '渝北', 4);
INSERT INTO `t_city` VALUES (64, '巴南', 4);
INSERT INTO `t_city` VALUES (65, '北部新区', 4);
INSERT INTO `t_city` VALUES (66, '经开区', 4);
INSERT INTO `t_city` VALUES (67, '万盛', 4);
INSERT INTO `t_city` VALUES (68, '双桥', 4);
INSERT INTO `t_city` VALUES (69, '綦江', 4);
INSERT INTO `t_city` VALUES (70, '潼南', 4);
INSERT INTO `t_city` VALUES (71, '铜梁', 4);
INSERT INTO `t_city` VALUES (72, '大足', 4);
INSERT INTO `t_city` VALUES (73, '荣昌', 4);
INSERT INTO `t_city` VALUES (74, '璧山', 4);
INSERT INTO `t_city` VALUES (75, '江津', 4);
INSERT INTO `t_city` VALUES (76, '合川', 4);
INSERT INTO `t_city` VALUES (77, '永川', 4);
INSERT INTO `t_city` VALUES (78, '南川', 4);
INSERT INTO `t_city` VALUES (79, '万州', 4);
INSERT INTO `t_city` VALUES (80, '涪陵', 4);
INSERT INTO `t_city` VALUES (81, '黔江', 4);
INSERT INTO `t_city` VALUES (82, '长寿', 4);
INSERT INTO `t_city` VALUES (83, '梁平', 4);
INSERT INTO `t_city` VALUES (84, '城口', 4);
INSERT INTO `t_city` VALUES (85, '丰都', 4);
INSERT INTO `t_city` VALUES (86, '垫江', 4);
INSERT INTO `t_city` VALUES (87, '武隆', 4);
INSERT INTO `t_city` VALUES (88, '忠县', 4);
INSERT INTO `t_city` VALUES (89, '开县', 4);
INSERT INTO `t_city` VALUES (90, '云阳', 4);
INSERT INTO `t_city` VALUES (91, '奉节', 4);
INSERT INTO `t_city` VALUES (92, '巫山', 4);
INSERT INTO `t_city` VALUES (93, '巫溪', 4);
INSERT INTO `t_city` VALUES (94, '石柱', 4);
INSERT INTO `t_city` VALUES (95, '秀山', 4);
INSERT INTO `t_city` VALUES (96, '酉阳', 4);
INSERT INTO `t_city` VALUES (97, '彭水', 4);
INSERT INTO `t_city` VALUES (98, '石家庄', 5);
INSERT INTO `t_city` VALUES (99, '衡水', 5);
INSERT INTO `t_city` VALUES (100, '唐山', 5);
INSERT INTO `t_city` VALUES (101, '秦皇岛', 5);
INSERT INTO `t_city` VALUES (102, '张家口', 5);
INSERT INTO `t_city` VALUES (103, '承德', 5);
INSERT INTO `t_city` VALUES (104, '邯郸', 5);
INSERT INTO `t_city` VALUES (105, '沧州', 5);
INSERT INTO `t_city` VALUES (106, '邢台', 5);
INSERT INTO `t_city` VALUES (107, '保定', 5);
INSERT INTO `t_city` VALUES (108, '廊坊', 5);
INSERT INTO `t_city` VALUES (109, '太原市', 6);
INSERT INTO `t_city` VALUES (110, '大同市', 6);
INSERT INTO `t_city` VALUES (111, '朔州市', 6);
INSERT INTO `t_city` VALUES (112, '忻州市', 6);
INSERT INTO `t_city` VALUES (113, '长治市', 6);
INSERT INTO `t_city` VALUES (114, '阳泉市', 6);
INSERT INTO `t_city` VALUES (115, '晋中市', 6);
INSERT INTO `t_city` VALUES (116, '吕梁市', 6);
INSERT INTO `t_city` VALUES (117, '晋城市', 6);
INSERT INTO `t_city` VALUES (118, '临汾市', 6);
INSERT INTO `t_city` VALUES (119, '运城市', 6);
INSERT INTO `t_city` VALUES (120, '沈阳', 7);
INSERT INTO `t_city` VALUES (121, '大连', 7);
INSERT INTO `t_city` VALUES (122, '鞍山', 7);
INSERT INTO `t_city` VALUES (123, '抚顺', 7);
INSERT INTO `t_city` VALUES (124, '本溪', 7);
INSERT INTO `t_city` VALUES (125, '丹东', 7);
INSERT INTO `t_city` VALUES (126, '锦州', 7);
INSERT INTO `t_city` VALUES (127, '营口', 7);
INSERT INTO `t_city` VALUES (128, '阜新', 7);
INSERT INTO `t_city` VALUES (129, '辽阳', 7);
INSERT INTO `t_city` VALUES (130, '铁岭', 7);
INSERT INTO `t_city` VALUES (131, '朝阳', 7);
INSERT INTO `t_city` VALUES (132, '盘锦', 7);
INSERT INTO `t_city` VALUES (133, '葫芦岛', 7);
INSERT INTO `t_city` VALUES (134, '长春市', 8);
INSERT INTO `t_city` VALUES (135, '吉林市', 8);
INSERT INTO `t_city` VALUES (136, '四平市', 8);
INSERT INTO `t_city` VALUES (137, '辽源市', 8);
INSERT INTO `t_city` VALUES (138, '通化市', 8);
INSERT INTO `t_city` VALUES (139, '白山市', 8);
INSERT INTO `t_city` VALUES (140, '松原市', 8);
INSERT INTO `t_city` VALUES (141, '白城市', 8);
INSERT INTO `t_city` VALUES (142, '延边州', 8);
INSERT INTO `t_city` VALUES (143, '哈尔滨', 9);
INSERT INTO `t_city` VALUES (144, '齐齐哈尔', 9);
INSERT INTO `t_city` VALUES (145, '牡丹江', 9);
INSERT INTO `t_city` VALUES (146, '佳木斯', 9);
INSERT INTO `t_city` VALUES (147, '大庆', 9);
INSERT INTO `t_city` VALUES (148, '鸡西', 9);
INSERT INTO `t_city` VALUES (149, '伊春', 9);
INSERT INTO `t_city` VALUES (150, '双鸭山', 9);
INSERT INTO `t_city` VALUES (151, '七台河', 9);
INSERT INTO `t_city` VALUES (152, '鹤岗', 9);
INSERT INTO `t_city` VALUES (153, '黑河', 9);
INSERT INTO `t_city` VALUES (154, '绥化', 9);
INSERT INTO `t_city` VALUES (155, '大兴安岭', 9);
INSERT INTO `t_city` VALUES (156, '呼和浩特市', 10);
INSERT INTO `t_city` VALUES (157, '包头市', 10);
INSERT INTO `t_city` VALUES (158, '乌海市', 10);
INSERT INTO `t_city` VALUES (159, '赤峰市', 10);
INSERT INTO `t_city` VALUES (160, '通辽市', 10);
INSERT INTO `t_city` VALUES (161, '鄂尔多斯市', 10);
INSERT INTO `t_city` VALUES (162, '呼伦贝尔市', 10);
INSERT INTO `t_city` VALUES (163, '巴彦淖尔市', 10);
INSERT INTO `t_city` VALUES (164, '乌兰察布市', 10);
INSERT INTO `t_city` VALUES (165, '锡林郭勒盟', 10);
INSERT INTO `t_city` VALUES (166, '兴安盟', 10);
INSERT INTO `t_city` VALUES (167, '阿拉善盟', 10);
INSERT INTO `t_city` VALUES (168, '南京', 11);
INSERT INTO `t_city` VALUES (169, '苏州', 11);
INSERT INTO `t_city` VALUES (170, '无锡', 11);
INSERT INTO `t_city` VALUES (171, '常州', 11);
INSERT INTO `t_city` VALUES (172, '扬州', 11);
INSERT INTO `t_city` VALUES (173, '南通', 11);
INSERT INTO `t_city` VALUES (174, '镇江', 11);
INSERT INTO `t_city` VALUES (175, '泰州', 11);
INSERT INTO `t_city` VALUES (176, '淮安', 11);
INSERT INTO `t_city` VALUES (177, '徐州', 11);
INSERT INTO `t_city` VALUES (178, '盐城', 11);
INSERT INTO `t_city` VALUES (179, '宿迁', 11);
INSERT INTO `t_city` VALUES (180, '连云港', 11);
INSERT INTO `t_city` VALUES (181, '杭州', 12);
INSERT INTO `t_city` VALUES (182, '宁波', 12);
INSERT INTO `t_city` VALUES (183, '温州', 12);
INSERT INTO `t_city` VALUES (184, '嘉兴', 12);
INSERT INTO `t_city` VALUES (185, '湖州', 12);
INSERT INTO `t_city` VALUES (186, '绍兴', 12);
INSERT INTO `t_city` VALUES (187, '金华', 12);
INSERT INTO `t_city` VALUES (188, '衢州', 12);
INSERT INTO `t_city` VALUES (189, '舟山', 12);
INSERT INTO `t_city` VALUES (190, '台州', 12);
INSERT INTO `t_city` VALUES (191, '丽水', 12);
INSERT INTO `t_city` VALUES (192, '淮北市', 13);
INSERT INTO `t_city` VALUES (193, '合肥市', 13);
INSERT INTO `t_city` VALUES (194, '六安市', 13);
INSERT INTO `t_city` VALUES (195, '亳州市', 13);
INSERT INTO `t_city` VALUES (196, '宿州市', 13);
INSERT INTO `t_city` VALUES (197, '阜阳市', 13);
INSERT INTO `t_city` VALUES (198, '蚌埠市', 13);
INSERT INTO `t_city` VALUES (199, '淮南市', 13);
INSERT INTO `t_city` VALUES (200, '滁州市', 13);
INSERT INTO `t_city` VALUES (201, '巢湖市', 13);
INSERT INTO `t_city` VALUES (202, '芜湖市', 13);
INSERT INTO `t_city` VALUES (203, '马鞍山', 13);
INSERT INTO `t_city` VALUES (204, '安庆市', 13);
INSERT INTO `t_city` VALUES (205, '池州市', 13);
INSERT INTO `t_city` VALUES (206, '铜陵市', 13);
INSERT INTO `t_city` VALUES (207, '宣城市', 13);
INSERT INTO `t_city` VALUES (208, '黄山市', 13);
INSERT INTO `t_city` VALUES (209, '福州市', 14);
INSERT INTO `t_city` VALUES (210, '厦门市', 14);
INSERT INTO `t_city` VALUES (211, '莆田市', 14);
INSERT INTO `t_city` VALUES (212, '三明市', 14);
INSERT INTO `t_city` VALUES (213, '泉州市', 14);
INSERT INTO `t_city` VALUES (214, '漳州市', 14);
INSERT INTO `t_city` VALUES (215, '南平市', 14);
INSERT INTO `t_city` VALUES (216, '龙岩市', 14);
INSERT INTO `t_city` VALUES (217, '宁德市', 14);
INSERT INTO `t_city` VALUES (218, '南昌市', 15);
INSERT INTO `t_city` VALUES (219, '景德镇市', 15);
INSERT INTO `t_city` VALUES (220, '萍乡市', 15);
INSERT INTO `t_city` VALUES (221, '九江市', 15);
INSERT INTO `t_city` VALUES (222, '新余市', 15);
INSERT INTO `t_city` VALUES (223, '鹰潭市', 15);
INSERT INTO `t_city` VALUES (224, '赣州市', 15);
INSERT INTO `t_city` VALUES (225, '吉安市', 15);
INSERT INTO `t_city` VALUES (226, '宜春市', 15);
INSERT INTO `t_city` VALUES (227, '抚州市', 15);
INSERT INTO `t_city` VALUES (228, '上饶市', 15);
INSERT INTO `t_city` VALUES (229, '济南', 16);
INSERT INTO `t_city` VALUES (230, '青岛', 16);
INSERT INTO `t_city` VALUES (231, '淄博', 16);
INSERT INTO `t_city` VALUES (232, '泰安', 16);
INSERT INTO `t_city` VALUES (233, '济宁', 16);
INSERT INTO `t_city` VALUES (234, '德州', 16);
INSERT INTO `t_city` VALUES (235, '日照', 16);
INSERT INTO `t_city` VALUES (236, '潍坊', 16);
INSERT INTO `t_city` VALUES (237, '枣庄', 16);
INSERT INTO `t_city` VALUES (238, '临沂', 16);
INSERT INTO `t_city` VALUES (239, '莱芜', 16);
INSERT INTO `t_city` VALUES (240, '滨州', 16);
INSERT INTO `t_city` VALUES (241, '聊城', 16);
INSERT INTO `t_city` VALUES (242, '菏泽', 16);
INSERT INTO `t_city` VALUES (243, '烟台', 16);
INSERT INTO `t_city` VALUES (244, '威海', 16);
INSERT INTO `t_city` VALUES (245, '东营', 16);
INSERT INTO `t_city` VALUES (246, '郑州市', 17);
INSERT INTO `t_city` VALUES (247, '洛阳市', 17);
INSERT INTO `t_city` VALUES (248, '开封市', 17);
INSERT INTO `t_city` VALUES (249, '平顶山市', 17);
INSERT INTO `t_city` VALUES (250, '南阳市', 17);
INSERT INTO `t_city` VALUES (251, '焦作市', 17);
INSERT INTO `t_city` VALUES (252, '信阳市', 17);
INSERT INTO `t_city` VALUES (253, '济源市', 17);
INSERT INTO `t_city` VALUES (254, '周口市', 17);
INSERT INTO `t_city` VALUES (255, '安阳市', 17);
INSERT INTO `t_city` VALUES (256, '驻马店市', 17);
INSERT INTO `t_city` VALUES (257, '新乡市', 17);
INSERT INTO `t_city` VALUES (258, '鹤壁市', 17);
INSERT INTO `t_city` VALUES (259, '商丘市', 17);
INSERT INTO `t_city` VALUES (260, '漯河市', 17);
INSERT INTO `t_city` VALUES (261, '许昌市', 17);
INSERT INTO `t_city` VALUES (262, '三门峡市', 17);
INSERT INTO `t_city` VALUES (263, '濮阳市', 17);
INSERT INTO `t_city` VALUES (264, '武汉', 18);
INSERT INTO `t_city` VALUES (265, '宜昌', 18);
INSERT INTO `t_city` VALUES (266, '荆州', 18);
INSERT INTO `t_city` VALUES (267, '十堰', 18);
INSERT INTO `t_city` VALUES (268, '襄樊', 18);
INSERT INTO `t_city` VALUES (269, '黄石', 18);
INSERT INTO `t_city` VALUES (270, '黄冈', 18);
INSERT INTO `t_city` VALUES (271, '恩施', 18);
INSERT INTO `t_city` VALUES (272, '荆门', 18);
INSERT INTO `t_city` VALUES (273, '咸宁', 18);
INSERT INTO `t_city` VALUES (274, '孝感', 18);
INSERT INTO `t_city` VALUES (275, '鄂州', 18);
INSERT INTO `t_city` VALUES (276, '天门', 18);
INSERT INTO `t_city` VALUES (277, '仙桃', 18);
INSERT INTO `t_city` VALUES (278, '随州', 18);
INSERT INTO `t_city` VALUES (279, '潜江', 18);
INSERT INTO `t_city` VALUES (280, '神农架', 18);
INSERT INTO `t_city` VALUES (281, '长沙市', 19);
INSERT INTO `t_city` VALUES (282, '株洲市', 19);
INSERT INTO `t_city` VALUES (283, '湘潭市', 19);
INSERT INTO `t_city` VALUES (284, '邵阳市', 19);
INSERT INTO `t_city` VALUES (285, '吉首市', 19);
INSERT INTO `t_city` VALUES (286, '岳阳市', 19);
INSERT INTO `t_city` VALUES (287, '娄底市', 19);
INSERT INTO `t_city` VALUES (288, '怀化市', 19);
INSERT INTO `t_city` VALUES (289, '永州市', 19);
INSERT INTO `t_city` VALUES (290, '郴州市', 19);
INSERT INTO `t_city` VALUES (291, '常德市', 19);
INSERT INTO `t_city` VALUES (292, '衡阳市', 19);
INSERT INTO `t_city` VALUES (293, '益阳市', 19);
INSERT INTO `t_city` VALUES (294, '张家界', 19);
INSERT INTO `t_city` VALUES (295, '湘西州', 19);
INSERT INTO `t_city` VALUES (296, '广州', 20);
INSERT INTO `t_city` VALUES (297, '深圳', 20);
INSERT INTO `t_city` VALUES (298, '珠海', 20);
INSERT INTO `t_city` VALUES (299, '汕头', 20);
INSERT INTO `t_city` VALUES (300, '佛山', 20);
INSERT INTO `t_city` VALUES (301, '东莞', 20);
INSERT INTO `t_city` VALUES (302, '中山', 20);
INSERT INTO `t_city` VALUES (303, '江门', 20);
INSERT INTO `t_city` VALUES (304, '惠州', 20);
INSERT INTO `t_city` VALUES (305, '肇庆', 20);
INSERT INTO `t_city` VALUES (306, '阳江', 20);
INSERT INTO `t_city` VALUES (307, '韶关', 20);
INSERT INTO `t_city` VALUES (308, '河源', 20);
INSERT INTO `t_city` VALUES (309, '梅州', 20);
INSERT INTO `t_city` VALUES (310, '清远', 20);
INSERT INTO `t_city` VALUES (311, '云浮', 20);
INSERT INTO `t_city` VALUES (312, '茂名', 20);
INSERT INTO `t_city` VALUES (313, '汕尾', 20);
INSERT INTO `t_city` VALUES (314, '揭阳', 20);
INSERT INTO `t_city` VALUES (315, '潮州', 20);
INSERT INTO `t_city` VALUES (316, '湛江', 20);
INSERT INTO `t_city` VALUES (317, '海口市', 21);
INSERT INTO `t_city` VALUES (318, '三亚市', 21);
INSERT INTO `t_city` VALUES (319, '南宁', 22);
INSERT INTO `t_city` VALUES (320, '柳州', 22);
INSERT INTO `t_city` VALUES (321, '桂林', 22);
INSERT INTO `t_city` VALUES (322, '梧州', 22);
INSERT INTO `t_city` VALUES (323, '北海', 22);
INSERT INTO `t_city` VALUES (324, '防城港', 22);
INSERT INTO `t_city` VALUES (325, '钦州', 22);
INSERT INTO `t_city` VALUES (326, '贵港', 22);
INSERT INTO `t_city` VALUES (327, '玉林', 22);
INSERT INTO `t_city` VALUES (328, '百色', 22);
INSERT INTO `t_city` VALUES (329, '贺州', 22);
INSERT INTO `t_city` VALUES (330, '河池', 22);
INSERT INTO `t_city` VALUES (331, '来宾', 22);
INSERT INTO `t_city` VALUES (332, '崇左', 22);
INSERT INTO `t_city` VALUES (333, '成都', 23);
INSERT INTO `t_city` VALUES (334, '自贡', 23);
INSERT INTO `t_city` VALUES (335, '攀枝花', 23);
INSERT INTO `t_city` VALUES (336, '泸州', 23);
INSERT INTO `t_city` VALUES (337, '德阳', 23);
INSERT INTO `t_city` VALUES (338, '绵阳', 23);
INSERT INTO `t_city` VALUES (339, '广元', 23);
INSERT INTO `t_city` VALUES (340, '遂宁', 23);
INSERT INTO `t_city` VALUES (341, '内江', 23);
INSERT INTO `t_city` VALUES (342, '资阳', 23);
INSERT INTO `t_city` VALUES (343, '乐山', 23);
INSERT INTO `t_city` VALUES (344, '眉山', 23);
INSERT INTO `t_city` VALUES (345, '南充', 23);
INSERT INTO `t_city` VALUES (346, '宜宾', 23);
INSERT INTO `t_city` VALUES (347, '广安', 23);
INSERT INTO `t_city` VALUES (348, '达州', 23);
INSERT INTO `t_city` VALUES (349, '巴中', 23);
INSERT INTO `t_city` VALUES (350, '雅安', 23);
INSERT INTO `t_city` VALUES (351, '阿坝', 23);
INSERT INTO `t_city` VALUES (352, '甘孜', 23);
INSERT INTO `t_city` VALUES (353, '凉山', 23);
INSERT INTO `t_city` VALUES (354, '贵阳市', 24);
INSERT INTO `t_city` VALUES (355, '遵义市', 24);
INSERT INTO `t_city` VALUES (356, '安顺市', 24);
INSERT INTO `t_city` VALUES (357, '六盘水市', 24);
INSERT INTO `t_city` VALUES (358, '毕节地区', 24);
INSERT INTO `t_city` VALUES (359, '铜仁地区', 24);
INSERT INTO `t_city` VALUES (360, '黔东南州', 24);
INSERT INTO `t_city` VALUES (361, '黔南州', 24);
INSERT INTO `t_city` VALUES (362, '黔西南州', 24);
INSERT INTO `t_city` VALUES (363, '昆明市', 25);
INSERT INTO `t_city` VALUES (364, '曲靖市', 25);
INSERT INTO `t_city` VALUES (365, '红河哈尼族彝族自治州', 25);
INSERT INTO `t_city` VALUES (366, '昭通市', 25);
INSERT INTO `t_city` VALUES (367, '玉溪市', 25);
INSERT INTO `t_city` VALUES (368, '德宏傣族景颇族自治州', 25);
INSERT INTO `t_city` VALUES (369, '丽江市', 25);
INSERT INTO `t_city` VALUES (370, '迪庆藏族自治州', 25);
INSERT INTO `t_city` VALUES (371, '文山壮族苗族自治州', 25);
INSERT INTO `t_city` VALUES (372, '思茅市', 25);
INSERT INTO `t_city` VALUES (373, '大理白族自治州', 25);
INSERT INTO `t_city` VALUES (374, '怒江傈僳族自治州', 25);
INSERT INTO `t_city` VALUES (375, '保山市', 25);
INSERT INTO `t_city` VALUES (376, '楚雄彝族自治州', 25);
INSERT INTO `t_city` VALUES (377, '西双版纳傣族自治州', 25);
INSERT INTO `t_city` VALUES (378, '临沧市', 25);
INSERT INTO `t_city` VALUES (379, '拉萨', 26);
INSERT INTO `t_city` VALUES (380, '日喀则', 26);
INSERT INTO `t_city` VALUES (381, '林芝', 26);
INSERT INTO `t_city` VALUES (382, '山南', 26);
INSERT INTO `t_city` VALUES (383, '那曲', 26);
INSERT INTO `t_city` VALUES (384, '昌都', 26);
INSERT INTO `t_city` VALUES (385, '阿里', 26);
INSERT INTO `t_city` VALUES (386, '西安市', 27);
INSERT INTO `t_city` VALUES (387, '铜川市', 27);
INSERT INTO `t_city` VALUES (388, '宝鸡市', 27);
INSERT INTO `t_city` VALUES (389, '咸阳市', 27);
INSERT INTO `t_city` VALUES (390, '渭南市', 27);
INSERT INTO `t_city` VALUES (391, '延安市', 27);
INSERT INTO `t_city` VALUES (392, '汉中市', 27);
INSERT INTO `t_city` VALUES (393, '榆林市', 27);
INSERT INTO `t_city` VALUES (394, '安康市', 27);
INSERT INTO `t_city` VALUES (395, '商洛市', 27);
INSERT INTO `t_city` VALUES (396, '兰州市', 28);
INSERT INTO `t_city` VALUES (397, '嘉峪关', 28);
INSERT INTO `t_city` VALUES (398, '金昌市', 28);
INSERT INTO `t_city` VALUES (399, '白银市', 28);
INSERT INTO `t_city` VALUES (400, '天水市', 28);
INSERT INTO `t_city` VALUES (401, '酒泉市', 28);
INSERT INTO `t_city` VALUES (402, '张掖市', 28);
INSERT INTO `t_city` VALUES (403, '武威市', 28);
INSERT INTO `t_city` VALUES (404, '定西市', 28);
INSERT INTO `t_city` VALUES (405, '陇南市', 28);
INSERT INTO `t_city` VALUES (406, '平凉市', 28);
INSERT INTO `t_city` VALUES (407, '庆阳市', 28);
INSERT INTO `t_city` VALUES (408, '临夏州', 28);
INSERT INTO `t_city` VALUES (409, '甘南州', 28);
INSERT INTO `t_city` VALUES (410, '西宁市', 29);
INSERT INTO `t_city` VALUES (411, '海东行署', 29);
INSERT INTO `t_city` VALUES (412, '海北藏族自治州', 29);
INSERT INTO `t_city` VALUES (413, '海南藏族自治州', 29);
INSERT INTO `t_city` VALUES (414, '海西州', 29);
INSERT INTO `t_city` VALUES (415, '黄南藏族自治州', 29);
INSERT INTO `t_city` VALUES (416, '玉树藏族自治州', 29);
INSERT INTO `t_city` VALUES (417, '果洛藏族自治州', 29);
INSERT INTO `t_city` VALUES (418, '银川市', 30);
INSERT INTO `t_city` VALUES (419, '石嘴山市', 30);
INSERT INTO `t_city` VALUES (420, '吴忠市', 30);
INSERT INTO `t_city` VALUES (421, '固原市', 30);
INSERT INTO `t_city` VALUES (422, '中卫市', 30);
INSERT INTO `t_city` VALUES (423, '伊犁哈萨克自治州', 31);
INSERT INTO `t_city` VALUES (424, '乌鲁木齐市', 31);
INSERT INTO `t_city` VALUES (425, '昌吉回族自治州', 31);
INSERT INTO `t_city` VALUES (426, '石河子市', 31);
INSERT INTO `t_city` VALUES (427, '克拉玛依市', 31);
INSERT INTO `t_city` VALUES (428, '阿勒泰地区', 31);
INSERT INTO `t_city` VALUES (429, '博尔塔拉蒙古自治州', 31);
INSERT INTO `t_city` VALUES (430, '塔城地区', 31);
INSERT INTO `t_city` VALUES (431, '和田地区', 31);
INSERT INTO `t_city` VALUES (432, '克孜勒苏克尔克孜自治州', 31);
INSERT INTO `t_city` VALUES (433, '喀什地区', 31);
INSERT INTO `t_city` VALUES (434, '阿克苏地区', 31);
INSERT INTO `t_city` VALUES (435, '巴音郭楞蒙古自治州', 31);
INSERT INTO `t_city` VALUES (436, '吐鲁番地区', 31);
INSERT INTO `t_city` VALUES (437, '哈密地区', 31);
INSERT INTO `t_city` VALUES (438, '五家渠市', 31);
INSERT INTO `t_city` VALUES (439, '阿拉尔市', 31);
INSERT INTO `t_city` VALUES (440, '图木舒克市', 31);
COMMIT;

-- ----------------------------
-- Table structure for t_energe
-- ----------------------------
DROP TABLE IF EXISTS `t_energe`;
CREATE TABLE `t_energe` (
  `energeId` int(11) NOT NULL AUTO_INCREMENT,
  `energeName` varchar(255) DEFAULT NULL,
  PRIMARY KEY (`energeId`)
) ENGINE=InnoDB AUTO_INCREMENT=4 DEFAULT CHARSET=utf8;

-- ----------------------------
-- Records of t_energe
-- ----------------------------
BEGIN;
INSERT INTO `t_energe` VALUES (1, '汽油');
INSERT INTO `t_energe` VALUES (2, '电动');
INSERT INTO `t_energe` VALUES (3, '油电混动');
COMMIT;

-- ----------------------------
-- Table structure for t_gear
-- ----------------------------
DROP TABLE IF EXISTS `t_gear`;
CREATE TABLE `t_gear` (
  `gearId` int(11) NOT NULL AUTO_INCREMENT,
  `gearName` varchar(255) DEFAULT NULL,
  PRIMARY KEY (`gearId`)
) ENGINE=InnoDB AUTO_INCREMENT=5 DEFAULT CHARSET=utf8;

-- ----------------------------
-- Records of t_gear
-- ----------------------------
BEGIN;
INSERT INTO `t_gear` VALUES (1, '手动');
INSERT INTO `t_gear` VALUES (2, '自动-CVT');
INSERT INTO `t_gear` VALUES (3, '自动-双离合');
INSERT INTO `t_gear` VALUES (4, '手自一体');
COMMIT;

-- ----------------------------
-- Table structure for t_location
-- ----------------------------
DROP TABLE IF EXISTS `t_location`;
CREATE TABLE `t_location` (
  `lId` int(11) NOT NULL AUTO_INCREMENT,
  `lName` varchar(255) CHARACTER SET utf8 COLLATE utf8_general_ci NOT NULL,
  `cId` int(11) DEFAULT NULL,
  PRIMARY KEY (`lId`) USING BTREE,
  KEY `FK_cId` (`cId`) USING BTREE,
  CONSTRAINT `FK_cId` FOREIGN KEY (`cId`) REFERENCES `t_city` (`cId`) ON DELETE CASCADE ON UPDATE CASCADE
) ENGINE=InnoDB AUTO_INCREMENT=4 DEFAULT CHARSET=utf8 ROW_FORMAT=COMPACT;

-- ----------------------------
-- Records of t_location
-- ----------------------------
BEGIN;
INSERT INTO `t_location` VALUES (1, '双流站', 333);
INSERT INTO `t_location` VALUES (2, '北京站', 1);
COMMIT;

-- ----------------------------
-- Table structure for t_news
-- ----------------------------
DROP TABLE IF EXISTS `t_news`;
CREATE TABLE `t_news` (
  `newsId` int(11) NOT NULL AUTO_INCREMENT,
  `title` varchar(255) CHARACTER SET utf8 COLLATE utf8_general_ci NOT NULL,
  `content` varchar(8000) CHARACTER SET utf8 COLLATE utf8_general_ci DEFAULT NULL,
  `creatTime` datetime DEFAULT NULL,
  `userId` int(11) NOT NULL,
  PRIMARY KEY (`newsId`) USING BTREE,
  KEY `FK_UserIdN` (`userId`) USING BTREE,
  CONSTRAINT `FK_UserIdN` FOREIGN KEY (`userId`) REFERENCES `t_user` (`userId`) ON DELETE CASCADE ON UPDATE CASCADE
) ENGINE=InnoDB AUTO_INCREMENT=3 DEFAULT CHARSET=utf8 ROW_FORMAT=COMPACT;

-- ----------------------------
-- Records of t_news
-- ----------------------------
BEGIN;
INSERT INTO `t_news` VALUES (1, 'test', 'test', '2019-05-13 06:37:36', 1);
INSERT INTO `t_news` VALUES (2, '周激流视察第21栋学生宿舍项目建设工地', '<p style=\"padding-left: 40px;\"><span style=\"caret-color: #000000; font-family: MicrosoftYaHei, \'Microsoft YaHei\', Arial; font-size: 14px; text-indent: 28px; text-size-adjust: auto;\">【本网讯】5月24日，学校党委书记周激流赴第21栋学生宿舍项目建设工地进行视察指导，了解工程进展状况，并对项目工作人员关心慰问。学校党委副书记马洪江随同视察。</span></p>\r\n<p style=\"padding-left: 40px;\"><span style=\"caret-color: #000000; font-family: MicrosoftYaHei, \'Microsoft YaHei\', Arial; font-size: 14px; text-indent: 28px; text-size-adjust: auto;\"><span style=\"text-size-adjust: auto;\">在施工现场，周激流一行听取了后勤基建处和河北建设集团项目部负责人的情况汇报，对工程质量、安全、进度等环节进行了详细询问，并对现场建设人员的辛苦付出表示感谢。</span></span></p>\r\n<p style=\"padding-left: 40px;\"><span style=\"caret-color: #000000; font-family: MicrosoftYaHei, \'Microsoft YaHei\', Arial; font-size: 14px; text-indent: 28px; text-size-adjust: auto;\"><span style=\"text-size-adjust: auto;\"><span style=\"text-size-adjust: auto;\">周激流强调，第21栋学生宿舍项目是学校今年基础设施建设工作的大事，在项目时间紧、任务重、困难多的实际情况下，建设各方要共同努力，制定切实可行的施工措施，保证工程质量，合理安排工期，确保第21栋学生宿舍按时竣工交付使用，为学校建设发展提供有力保障。</span></span></span></p>', '2019-05-25 09:14:12', 1);
COMMIT;

-- ----------------------------
-- Table structure for t_order
-- ----------------------------
DROP TABLE IF EXISTS `t_order`;
CREATE TABLE `t_order` (
  `orderId` int(11) NOT NULL AUTO_INCREMENT,
  `userId` int(11) NOT NULL,
  `carId` int(11) NOT NULL,
  `creatTime` datetime NOT NULL,
  `endTime` datetime NOT NULL,
  `totalPrice` decimal(10,2) DEFAULT NULL,
  `isPaid` int(11) DEFAULT NULL,
  PRIMARY KEY (`orderId`) USING BTREE,
  KEY `FK_userIdO` (`userId`) USING BTREE,
  KEY `FK_carId` (`carId`) USING BTREE,
  CONSTRAINT `FK_carDetailIdO` FOREIGN KEY (`carId`) REFERENCES `t_cardetail` (`cdId`) ON DELETE RESTRICT ON UPDATE RESTRICT,
  CONSTRAINT `FK_userIdO` FOREIGN KEY (`userId`) REFERENCES `t_user` (`userId`) ON DELETE CASCADE ON UPDATE CASCADE
) ENGINE=InnoDB AUTO_INCREMENT=20 DEFAULT CHARSET=utf8 ROW_FORMAT=COMPACT;

-- ----------------------------
-- Records of t_order
-- ----------------------------
BEGIN;
INSERT INTO `t_order` VALUES (11, 2, 1, '2019-05-21 02:01:28', '2019-05-21 16:00:00', 600.00, 1);
INSERT INTO `t_order` VALUES (14, 2, 14, '2019-05-29 16:00:00', '2019-05-31 16:00:00', 2415.00, 1);
INSERT INTO `t_order` VALUES (15, 2, 17, '2019-05-31 16:00:00', '2019-06-03 16:00:00', 984.00, 2);
INSERT INTO `t_order` VALUES (18, 5, 16, '2019-05-29 16:00:00', '2019-06-01 16:00:00', 908.00, 1);
INSERT INTO `t_order` VALUES (19, 6, 18, '2019-05-30 16:00:00', '2019-06-02 16:00:00', 2604.00, 1);
COMMIT;

-- ----------------------------
-- Table structure for t_province
-- ----------------------------
DROP TABLE IF EXISTS `t_province`;
CREATE TABLE `t_province` (
  `pId` int(11) NOT NULL AUTO_INCREMENT,
  `pName` varchar(255) CHARACTER SET utf8 COLLATE utf8_general_ci NOT NULL,
  PRIMARY KEY (`pId`) USING BTREE
) ENGINE=InnoDB AUTO_INCREMENT=35 DEFAULT CHARSET=utf8 ROW_FORMAT=COMPACT;

-- ----------------------------
-- Records of t_province
-- ----------------------------
BEGIN;
INSERT INTO `t_province` VALUES (1, '北京');
INSERT INTO `t_province` VALUES (2, '天津');
INSERT INTO `t_province` VALUES (3, '上海');
INSERT INTO `t_province` VALUES (4, '重庆');
INSERT INTO `t_province` VALUES (5, '河北');
INSERT INTO `t_province` VALUES (6, '山西');
INSERT INTO `t_province` VALUES (7, '辽宁');
INSERT INTO `t_province` VALUES (8, '吉林');
INSERT INTO `t_province` VALUES (9, '黑龙江');
INSERT INTO `t_province` VALUES (10, '内蒙古');
INSERT INTO `t_province` VALUES (11, '江苏');
INSERT INTO `t_province` VALUES (12, '浙江');
INSERT INTO `t_province` VALUES (13, '安徽');
INSERT INTO `t_province` VALUES (14, '福建');
INSERT INTO `t_province` VALUES (15, '江西');
INSERT INTO `t_province` VALUES (16, '山东');
INSERT INTO `t_province` VALUES (17, '河南');
INSERT INTO `t_province` VALUES (18, '湖北');
INSERT INTO `t_province` VALUES (19, '湖南');
INSERT INTO `t_province` VALUES (20, '广东');
INSERT INTO `t_province` VALUES (21, '海南');
INSERT INTO `t_province` VALUES (22, '广西');
INSERT INTO `t_province` VALUES (23, '四川');
INSERT INTO `t_province` VALUES (24, '贵州');
INSERT INTO `t_province` VALUES (25, '云南');
INSERT INTO `t_province` VALUES (26, '西藏');
INSERT INTO `t_province` VALUES (27, '陕西');
INSERT INTO `t_province` VALUES (28, '甘肃');
INSERT INTO `t_province` VALUES (29, '青海');
INSERT INTO `t_province` VALUES (30, '宁夏');
INSERT INTO `t_province` VALUES (31, '新疆');
INSERT INTO `t_province` VALUES (32, '香港');
INSERT INTO `t_province` VALUES (33, '澳门');
INSERT INTO `t_province` VALUES (34, '台湾');
COMMIT;

-- ----------------------------
-- Table structure for t_user
-- ----------------------------
DROP TABLE IF EXISTS `t_user`;
CREATE TABLE `t_user` (
  `userId` int(11) NOT NULL AUTO_INCREMENT,
  `userName` varchar(255) CHARACTER SET utf8 COLLATE utf8_general_ci NOT NULL,
  `uTypeId` int(11) NOT NULL,
  `email` varchar(255) CHARACTER SET utf8 COLLATE utf8_general_ci DEFAULT NULL,
  `phone` varchar(255) CHARACTER SET utf8 COLLATE utf8_general_ci DEFAULT NULL,
  `password` varchar(255) CHARACTER SET utf8 COLLATE utf8_general_ci NOT NULL,
  `info` varchar(255) CHARACTER SET utf8 COLLATE utf8_general_ci DEFAULT NULL,
  `icon` varchar(255) CHARACTER SET utf8 COLLATE utf8_general_ci DEFAULT NULL,
  `isDeleted` int(11) DEFAULT NULL,
  PRIMARY KEY (`userId`) USING BTREE,
  KEY `FK_uTypeId` (`uTypeId`) USING BTREE,
  CONSTRAINT `FK_uTypeId` FOREIGN KEY (`uTypeId`) REFERENCES `t_usertype` (`uTypeId`) ON DELETE CASCADE ON UPDATE CASCADE
) ENGINE=InnoDB AUTO_INCREMENT=7 DEFAULT CHARSET=utf8 ROW_FORMAT=COMPACT;

-- ----------------------------
-- Records of t_user
-- ----------------------------
BEGIN;
INSERT INTO `t_user` VALUES (1, 'admin', 1, 'test@qq.com', '15680617614', '970423', NULL, 'true', 0);
INSERT INTO `t_user` VALUES (2, 'user1', 2, 'test@qq.com', '19982868613', '1234', NULL, 'true', 0);
INSERT INTO `t_user` VALUES (5, 'user2', 2, 'test@qq.com', '19982868613', '1234', NULL, NULL, 0);
INSERT INTO `t_user` VALUES (6, 'usr', 2, NULL, '19982868613', '12345', NULL, NULL, NULL);
COMMIT;

-- ----------------------------
-- Table structure for t_usertype
-- ----------------------------
DROP TABLE IF EXISTS `t_usertype`;
CREATE TABLE `t_usertype` (
  `uTypeId` int(11) NOT NULL AUTO_INCREMENT,
  `uTypeName` varchar(255) CHARACTER SET utf8 COLLATE utf8_general_ci NOT NULL,
  PRIMARY KEY (`uTypeId`) USING BTREE
) ENGINE=InnoDB AUTO_INCREMENT=3 DEFAULT CHARSET=utf8 ROW_FORMAT=COMPACT;

-- ----------------------------
-- Records of t_usertype
-- ----------------------------
BEGIN;
INSERT INTO `t_usertype` VALUES (1, '管理员');
INSERT INTO `t_usertype` VALUES (2, '用户');
COMMIT;

-- ----------------------------
-- Procedure structure for leftDays_snc
-- ----------------------------
DROP PROCEDURE IF EXISTS `leftDays_snc`;
delimiter ;;
CREATE PROCEDURE `wbar`.`leftDays_snc`()
BEGIN
UPDATE t_cardetail set isDeleted=isDeleted-‘1’ WHERE isDeleted > 0;
end
;;
delimiter ;

-- ----------------------------
-- Event structure for leftDaysEvent
-- ----------------------------
DROP EVENT IF EXISTS `leftDaysEvent`;
delimiter ;;
CREATE EVENT `wbar`.`leftDaysEvent`
ON SCHEDULE
EVERY '1' DAY STARTS '2019-05-29 22:25:40'
DO CALL leftDays_snc()
;;
delimiter ;

SET FOREIGN_KEY_CHECKS = 1;
